time,p01,p02,p04,p07,p08,p09,p15,p17,p18,p19,p20,p21,p25,p26,p27,p28,p29,p31,p32,p33,p35,p36,p38,p40,p42,p43,p44
0,0.5984330725437769,0.7809005309517494,0.6051341630303899,0.5790186788038317,0.9528836540644425,0.5059635695916316,0.7900492497404301,0.3807029514541215,0.4874287269216174,0.5292645606616875,0.36319643109835675,0.7277418189821074,0.8171968201699151,1.3550614385632538,0.8927304264008343,0.885346250338392,0.6966004180286315,0.3328519917744104,0.7318923034977144,0.8130906355076313,0.711957658318498,0.7320194061609296,0.41316575310788817,0.6100312965806497,1.0874215824423876,1.0257063507377016,0.6279886633247624
1,0.2550239933440289,0.713466721048097,0.265228512577006,0.44352044898899,0.903104307822847,0.651144282788237,0.797515304081154,0.4301488308863289,0.510878135398547,0.495859954093825,0.62832129997498,0.605810474686021,0.830110524741137,1.13069463414268,0.510432948579811,0.861879664413878,1.2334481947355,0.431467026680541,0.705197682004351,1.01160237667074,0.551429618656436,0.597816748136091,0.4893947059964239,1.07983869531696,0.602399721474182,0.816487696301628,0.645548405303794
2,0.2550239933440289,1.2631042904373,0.265228512577006,0.393633416412261,0.903104307822847,0.651144282788237,0.797515304081154,0.4301488308863289,0.510878135398547,0.482907318419443,0.305575382458159,0.605810474686021,0.830110524741137,1.2458069611073,0.089377861895076,0.861879664413878,0.605949477509167,0.431467026680541,0.705197682004351,0.968048312322516,1.26589296806803,0.597816748136091,0.332043132509557,1.07983869531696,0.480668047505961,1.38577835978239,0.645548405303794
3,1.72163055070148,1.96354249788256,0.576319648844791,0.892745115114844,1.54351865209625,1.13937974174287,0.797515304081154,0.9981411119707048,0.510878135398547,0.482907318419443,0.792335945073515,0.521032826385777,0.613733903488089,1.20771455640011,0.089377861895076,0.765081888777127,1.62949212815636,0.431467026680541,0.705197682004351,0.968048312322516,1.68818333383697,0.59781894176407,1.04707927176497,1.35110156098585,0.480668047505961,1.38577835978239,0.651481636644734
4,1.72163055070148,1.94452990690754,0.576319648844791,0.497114997261785,1.54351865209625,1.39406924015228,0.797515304081154,0.9981411119707048,0.654747913841458,1.13266565197,0.792335945073515,0.521032826385777,0.613733903488089,1.20771455640011,0.089377861895076,1.59953218660469,1.31051995966074,0.431467026680541,0.705197682004351,0.968065170198081,1.73244360604134,1.27673896834113,1.14413027792087,1.35110156098585,1.02002994586202,1.53381995714557,0.651481636644734
5,1.72163055070148,1.94452990690754,0.958249110365519,1.05676920046644,1.35661256018156,1.24619895141875,0.797515304081154,1.54379905041428,0.654747913841458,1.14337613400874,1.16465455137074,0.26974711830395,1.71132623263212,1.10458812194754,0.0893880717653993,1.59953218660469,1.1732440286928,0.441234204104944,0.818014927697348,0.81625475223136,1.22397514331611,1.27673706049165,1.14413554632699,1.41554676832942,1.02002994586202,1.67874339777386,0.972887690975751
6,1.70361016620666,1.89904575162308,1.05473596403,1.55503381079264,1.57444184847258,0.89054616486671,0.797515304081154,1.54379905041428,0.654747913841458,1.08888099603035,1.05216077747824,0.26974711830395,0.714946120750651,1.10458812194754,0.872522660900047,1.35936862345713,1.1732440286928,2.0044395900353,1.6468200720065,0.81625475223136,1.2382604911403,1.29555724360322,0.4904057172004909,1.41554676832942,0.940443263613131,1.67874797968697,0.957449173742929
7,1.70361016620666,1.81767227070497,1.05473596403,2.43697850070679,1.57444184847258,1.00360653359494,0.797515304081154,1.65614883999624,0.577375470766513,0.79433851944367,1.05216077747824,0.416499185214285,0.714946120750651,1.25238246864911,0.872522660900047,1.60056548545105,1.0207419313581,2.0044395900353,1.6468200720065,0.8162769247428459,1.42158752693498,1.29555724360322,1.32145056031217,1.41554368576882,0.94724495138569,1.53513355814782,0.957449173742929
8,1.58922793813868,2.19281761985174,1.49318084529929,2.51640763184356,1.21007248315642,0.982357357116238,0.797515304081154,1.65614883999624,0.577375470766513,1.02306439325155,0.835829782434508,0.416499185214285,0.714946120750651,1.25238551602252,1.19989340844518,1.60056548545105,1.29040702718592,1.1730178833512,2.01120303200152,0.8162769247428459,1.48523659797819,1.29555724360322,1.32145056031217,1.24149013566609,1.03278382668002,1.53512944159221,0.992491296165894
9,1.58922793813868,2.19281761985174,1.28230160438207,2.3459727619553,1.40333295412452,0.736752941985203,0.315667318939616,1.68194791532191,0.995205317227561,0.988955891920593,0.92242995846152,0.811412558771995,0.442616427429067,1.02967349520069,1.19989100292547,1.60056548545105,1.29429272044436,1.55393802967687,2.01120303200152,0.8162769247428459,1.48523659797819,1.23659277168021,0.86632976186062,1.24149013566609,1.29965006287687,1.59163790036819,0.992491296165894
10,1.70194694101433,1.48594101172747,1.28230160438207,1.98853784391907,1.64950904314181,0.877107199642053,0.315667318939616,1.68194791532191,0.995205317227561,0.793576151153938,0.92242995846152,0.811412558771995,0.658003342610598,1.02967349520069,1.27137150992389,1.09802514610856,1.29001814134778,1.54122658254574,1.97698430025077,1.82700393095212,0.886938457085458,1.23659277168021,0.86632976186062,1.24149013566609,1.15003867477568,1.60972557285426,1.0001989345911
11,1.70194694101433,1.48594101172747,1.22228592406295,2.41132604571681,1.64950904314181,0.982615618927355,2.04797361558693,1.64929709258963,0.883389619475604,0.793576151153938,0.817483247283878,1.420653318308,0.658003342610598,1.32261380250615,1.27137150992389,1.46093684435287,1.11934965588861,1.37194907682953,1.97698430025077,1.82700393095212,1.41177482114439,1.23659277168021,1.34624808639518,1.23717587809033,1.20663134888249,1.60972557285426,0.930221700547711
12,1.69852678991158,1.48594101172747,0.945054344196687,2.41133113144563,1.63171957800225,0.850211344363352,2.04797361558693,1.34803534660038,0.883389619475604,0.997345402788104,0.799047905996003,1.25400320945252,1.39493472246492,1.32261615916029,1.27137150992389,1.46093684435287,1.10998961528723,1.17998356350299,1.81435616659978,1.82700393095212,1.24014265345425,1.21702176146574,1.30826663031098,1.23717587809033,1.14533995835745,1.43767318348063,0.930221700547711
13,1.69852678991158,1.18955247001806,0.945054344196687,1.6337292824178,1.63171957800225,1.05701091718902,1.90243272535972,1.34803917839465,0.883389619475604,0.997345402788104,0.799047905996003,1.25400320945252,1.07772411320609,1.32261615916029,1.70705246845498,1.37652250973164,1.10999296654242,0.823610930601496,1.69531261705868,1.43433733565242,1.24104768659586,1.21702176146574,1.3851398479402,1.23717587809033,1.21395463583725,1.43767318348063,1.02620565798188
14,1.69852998440509,2.03437923304628,1.16253103788208,2.23658339166997,1.58360094658251,0.978602291069857,1.6802182116588,1.42346212240324,0.883389619475604,0.68567315057336,0.986078694484946,1.3447293771623,1.07772411320609,1.32941456873079,1.70705246845498,1.53060645046052,1.18229293085836,0.823610930601496,1.69531261705868,1.43433733565242,1.24104768659586,1.29425625893459,1.3851398479402,1.38877472886533,1.28074005757847,1.3118979268956,1.20504765192916
15,1.56528740835094,2.03437923304628,1.16253103788208,2.15650626526704,1.58360094658251,0.978602291069857,1.6802182116588,1.42346212240324,0.883389619475604,1.46917429352593,0.986078694484946,1.3447293771623,1.04857170016196,1.32941456873079,1.4772518112482,1.99866554047818,1.26087033417995,1.38006726307471,1.85746615081043,1.36077854451352,1.36329019707328,1.29425625893459,1.46518636178067,1.38877472886533,1.2807445965492,1.3118979268956,1.20504765192916
16,1.56528740835094,2.08733231004983,1.57038212591192,2.16465897712632,1.64476423715675,0.989937427374866,1.90939620633276,1.98959134715588,1.22998384210187,1.48269906367185,0.981524140682474,1.3447293771623,1.14275224754523,1.45143066257086,1.4772518112482,1.99866554047818,1.26087033417995,1.25715824261181,1.85746615081043,1.36077854451352,1.48986591331268,1.29425625893459,1.14979786299927,1.85942427862761,1.17219695607685,1.76800122658238,1.18092185879949
17,1.68930469796267,2.16435103705786,1.47564073376066,3.23692166319283,1.64476423715675,0.989937427374866,1.90939620633276,1.98959134715588,1.22998384210187,1.73237863619748,1.31767141681453,1.11065966348584,1.46780227656938,1.45143066257086,1.4772518112482,1.79202300419219,1.39555141223448,1.58155559063172,2.09727042287276,1.36077854451352,1.80791879416032,1.79184610836879,1.14979786299927,1.85942427862761,1.30881185548394,1.70766348062293,1.18092185879949
18,1.68930158180732,2.16435103705786,1.47564073376066,3.46254055032764,1.93911413119999,1.55135593488337,1.7267259617513,2.24723676637875,1.79398271396258,1.59866837269756,1.31767596401685,1.11065966348584,1.46780227656938,1.47131677203471,1.70633216829424,1.79202300419219,1.86889778203339,1.55567670462024,2.09727042287276,1.43492736531952,1.67968071324595,1.79184610836879,1.60818395131257,1.85942427862761,1.61425823145372,1.70766758178645,1.3368041104498
19,1.68930158180732,2.27229930496858,1.70160563604259,3.46254055032764,1.93911413119999,1.38939376994385,1.7267259617513,2.42350186771604,1.79398271396258,1.84485052422846,1.28632490994365,1.59115651924298,1.37211623373744,1.47131677203471,1.70633216829424,1.79550268705322,1.6914140736481,1.7180780619692,2.59367035575689,1.43492736531952,1.93812474990316,1.79184789125938,1.5717015088678,1.81489351493748,1.71430972033619,2.17574274439727,1.79806083944937
20,1.84074622278625,2.27229930496858,1.70160563604259,2.96751976397815,2.27358082352263,1.43817259162754,1.27199187166975,2.42350186771604,1.74588966515343,1.84485052422846,1.59769214142515,1.59115651924298,2.06321909593753,1.47131677203471,2.15639505370194,1.8798367339828,1.6914140736481,1.84031123630454,3.14214991250717,1.43492736531952,2.05711749632486,1.7568909735487,1.80787031546369,1.81489351493748,1.87045054684646,2.17574274439727,1.79806083944937
21,1.84074622278625,2.27229930496858,2.37003166257014,3.3088915154134,2.71321171014351,1.43817259162754,1.27199187166975,2.71842468818825,2.25761705520498,1.92227503341708,1.59769214142515,1.74161658634005,1.82072819827026,1.89137011104172,2.15639505370194,1.8798367339828,2.312725697008,1.99303029156583,3.14214991250717,1.43492736531952,2.1573647373964,1.7568909735487,1.80787031546369,2.22409406707365,2.07053748620186,2.08371031572855,1.81495451291386
22,1.91771043513718,1.54570180535928,2.14392189765669,3.30888517130885,2.71321171014351,1.79542696997229,2.46482152697077,2.71842468818825,2.25761705520498,1.99794710065244,1.59771710220485,1.67377621580137,1.82072819827026,1.89136654795895,2.15639505370194,1.8798367339828,2.49595224974275,2.08491250777121,3.36323996264471,1.65066520771015,1.95463017497303,1.88673595892824,1.71538168121692,2.22409406707365,2.09238893509467,2.08371031572855,1.89310639659062
23,1.91771043513718,3.3405298539717,2.14392189765669,3.67305276440544,2.89961021267874,2.09551750203856,2.41661980024598,2.83093449982584,2.36337932708043,2.17524052181298,1.67598479975515,1.67377621580137,1.83353957138695,1.89136654795895,2.46448006768985,2.39418200997475,2.6260387558437,2.04983036861928,3.66160839309288,1.65066520771015,2.5329506299457294,1.88673346340928,1.99098964123118,2.35961490246935,2.10626641714809,2.33843332051038,1.89310012310518
24,2.25029544227329,3.3405298539717,2.35817393919862,3.91528194547868,2.89963603264538,2.09551750203856,2.41661980024598,2.83093449982584,2.36337932708043,2.21516147797564,1.67598479975515,1.9124976248118,1.97098934322594,2.17984053501538,2.46448006768985,3.89368483172162,2.57407548206905,2.17543227045757,3.66160839309288,1.65066520771015,2.64827027004839,1.88673346340928,1.99098964123118,2.35961490246935,2.25957051589143,2.62337675127318,2.29520141899862
25,2.25029544227329,3.28118935700118,2.35817393919862,3.96217759877372,3.12196501837924,2.30857871536125,2.84651199589682,2.83092998116257,2.27785093616283,2.32633978457604,1.66645350322313,1.9124976248118,1.56878415493891,2.17984053501538,2.80283397520196,3.89368483172162,2.57408141520874,2.13517588854988,3.75737379309288,2.04514722196619,2.54453079942436,1.88063829065039,1.48991239194403,2.35961490246935,2.28936405388279,2.62337675127318,2.62562759800571
26,2.25029544227329,3.28119426960121,2.57251306075572,3.73641919278917,3.2854354653431,2.19086610407381,2.84651199589682,3.27108995628348,2.69220527381952,2.32636858836902,1.90440896391155,2.30467387969968,1.56878415493891,2.23418237815931,2.80283397520196,3.89368483172162,2.64458612943563,2.13517588854988,3.87839168472652,2.04514722196619,2.89906668780366,1.88063829065039,2.29262411348758,2.63242001917472,2.26900709544165,2.71929801549651,2.62562759800571
27,2.56609090252264,3.0902868681201894,2.55773096273991,3.73641919278917,3.2854354653431,2.19087188644819,2.74116839145275,3.30831784077301,3.07164484602097,2.27976713815485,1.90440896391155,2.30467387969968,2.14482359038633,2.23418237815931,3.14810672627581,2.81753318015736,2.58818993760764,2.17940202588835,3.87839168472652,2.04514722196619,2.61505384138974,2.46056973578163,2.63774752126268,2.63242001917472,2.4500411167754,2.71929801549651,2.6688078193466
28,2.56611594211076,3.04130689450271,2.55773096273991,4.02946994372998,3.36087860351658,2.13501524148255,2.74116839145275,3.30831784077301,2.60858170135547,2.33536608894578,1.94545583923214,2.12036423049695,2.16744653244242,2.96715816726132,3.14810672627581,4.35661555858897,2.60888162233819,2.66167002414623,3.80439749431187,2.35575266034967,2.68141768935832,2.46056973578163,2.63774752126268,2.63242001917472,2.41690315840286,2.86325830611772,3.18868821901132
29,2.7142409887121,3.04130689450271,2.75814917665376,4.04538606084606,3.36087860351658,2.23757896015569,2.88814539505687,3.46134521676176,2.60858170135547,2.54939041054472,1.94545583923214,2.36695871692616,2.15153575037181,2.96715816726132,3.14810672627581,4.35661555858897,2.84167502643503,2.42865760206253,3.91689886741332,2.35575266034967,2.8897999176141,2.40397208843246,2.42743865543505,2.77073250217147,2.30487590363619,2.86325830611772,3.18868821901132
30,2.7142409887121,3.37383408611878,2.56938949594924,4.24651916758965,3.36313805764286,2.23757896015569,3.64361894448519,3.46134521676176,2.70933238930261,2.4673149240402,2.06786106642133,2.36695871692616,2.15153575037181,3.24275519946906,3.18032592014666,4.54345178874433,2.84167502643503,2.31322730685222,3.91689886741332,2.35575266034967,2.56711129065172,2.40397208843246,2.2373051135084,2.77073250217147,2.4619839474238,2.95385083238397,2.91240081259945
31,2.94706401655119,3.37383408611878,2.56938392310726,4.24651916758965,3.36313805764286,2.3567045946982,3.64361894448519,3.12581745350163,2.65309075442259,2.52508123023908,2.06786106642133,2.62324549414117,2.71618140337581,3.24275519946906,3.18033007088205,4.2248572285491,2.69437097767833,2.45519516308025,3.91941791572853,2.51527724676649,2.97833420726772,2.38921630322796,2.36183603720399,2.87493661358686,2.46740696867575,3.11265011728369,3.39640886037723
32,2.94706401655119,3.20907676178579,2.82289060569816,4.09517956365108,3.20303497050283,2.4773385034344,3.65690679569513,3.12581745350163,2.65309075442259,2.53403070221699,2.23214097433324,3.16281118787615,2.66860044844343,3.24275519946906,3.21487442820215,4.2248572285491,2.78434962870625,2.91954681651079,4.14208290373804,2.51527724676649,2.74396669357429,2.38921630322796,2.12116443593953,2.87493661358686,2.63556914890812,3.11265011728369,3.39640886037723
33,2.94706401655119,3.20907676178579,2.8651263395076,4.07067098798986,3.20303497050283,2.4773385034344,3.65690679569513,3.16220570322425,2.92307180951083,2.53403070221699,2.11450432182742,3.16281118787615,2.56891600951604,3.28199966531239,3.21487442820215,3.98471609839429,2.90469742192924,2.70866592920268,4.14208290373804,2.51527724676649,2.75601581455762,2.71653046151895,2.24374173064278,3.30772901758749,2.64235311937123,2.96785327951798,3.31137410438908
34,2.97285034004882,3.34277945459627,2.8651263395076,4.18004008947868,4.1961649031296,2.59007195509013,3.82817865156029,4.76643013218018,2.71502261847417,2.52445602532078,2.11450432182742,3.16281118787615,2.81392421620216,3.28200343758159,3.21487442820215,3.98471609839429,2.90469742192924,2.62592999519417,4.24661264620604,2.4070419670545,2.75601581455762,2.71653046151895,2.24374173064278,3.30772901758749,2.55207216752021,2.96785327951798,3.38940257328062
35,2.97285034004882,3.50214758390118,2.77853179039539,4.29702009758271,4.14927428901453,2.63268441152514,3.64397445184374,4.76643013218018,2.71502261847417,2.62929496023045,2.25419329809136,1.99630773378935,2.81392421620216,3.05129201079726,3.34407616507773,3.99821025035166,2.91179350567471,2.62592999519417,4.0983334564253,2.4070419670545,2.89474798456571,2.71653046151895,2.30785683292236,3.26265750222518,2.57518524425068,3.21052600111459,3.33457835781832
36,3.10081227775513,3.50214758390118,2.80315321801719,4.118828363784,4.14927428901453,2.63268441152514,3.64397445184374,4.11435437341784,2.712675641377,2.85524009681296,2.39090698757683,3.31489812225779,2.97006516162104,3.44738019314535,3.34407616507773,4.02645310660107,2.89682127948225,2.49897912646107,4.0983334564253,2.40706149623007,3.19332335278177,2.64085872096621,2.14847877333322,3.26265750222518,2.64126099716894,3.21053089155325,3.33457835781832
37,3.10081227775513,3.46101085604274,2.80315321801719,4.118828363784,3.70208451791409,2.64620120358305,3.74366624670504,4.11435437341784,2.71905165896874,2.72142720548916,2.39090698757683,3.31489812225779,2.98631981358014,3.44738019314535,3.3572541079726,4.02645310660107,2.9122791492192,2.65766345978314,4.21970505376699,2.57376441710989,2.65851199943045,2.64087461638342,2.43755724447279,3.26266221637477,2.64485836524504,3.26573075069635,3.22163748073049
38,3.38485346748673,3.46101085604274,2.74906859550896,4.42196481495331,4.16706124846148,2.44661764156174,3.74366624670504,4.30871171808049,2.94263135877131,2.66738146354528,2.28135840948605,3.32707036411016,2.87556814555877,3.35504756038399,3.3572541079726,4.36153313214801,3.11272650381224,2.61354356267827,4.47143377174654,2.57376441710989,2.99355035760083,2.55707907185227,2.45964060058567,3.32518764078738,2.66696951726292,3.15423035014359,3.6398399919612
39,3.38485346748673,3.4960178721447,3.19449939916845,4.41928810899173,4.16706124846148,2.44661764156174,3.77178657791735,4.26369191290776,2.77061327345186,2.70805265685392,2.28135840948605,3.32707036411016,2.86395153624052,3.35504756038399,3.55709771440111,4.22332929440751,3.11272030244712,2.59739282671107,4.26261960959766,2.57376441710989,3.19016565579947,2.55707907185227,2.2955514244926,3.32520947060407,2.6863510203777,3.15423035014359,3.67700477263276
40,3.40683569512205,3.32259844283645,2.82552957838238,4.38828889136154,4.01361150516731,2.47074857154738,3.73394557996276,4.26369191290776,2.77064059396499,2.70804670005276,2.19081777265134,3.40141407273883,2.86395153624052,3.55899616392271,3.55709771440111,4.22332929440751,3.1914978595818,2.77780089021128,4.26264685196615,3.17539862442998,3.34171726198317,2.96373819822906,2.2955514244926,3.57667531426806,2.63656547443382,3.45737369942489,3.67700477263276
41,3.40683569512205,3.32259334787876,2.8255555311389,4.37630223076106,4.27613426586243,2.74796927055948,3.73394557996276,4.44762195280117,2.86630249968816,2.87380317091272,2.36199458682765,3.40141407273883,2.91962040444887,3.55899616392271,3.55709771440111,4.29489479245487,3.26263456658726,2.69581608349544,4.28960353568719,3.17539862442998,3.24991203650526,2.96374206484641,2.45431745271824,3.57667531426806,2.67047039224359,3.45737369942489,3.33549489883425
42,3.40683085826299,3.32259334787876,3.07052703579701,4.37630924345033,4.27613426586243,2.74796927055948,3.82732401584753,4.23931741167968,2.91737333281108,2.89847918328744,2.36199458682765,3.13266374121296,2.95143189418297,3.27773913250206,3.57450277488307,4.3732200182654,3.05328091517858,2.69581608349544,4.32448653618478,2.98537547561911,2.94092782225789,2.96374206484641,2.32873763194878,3.29562351550371,2.66826232434501,3.29042192580097,3.55687676669651
43,3.59850147758406,3.13081136184184,3.00589744921544,4.40759537630407,3.80970802622734,2.74782512594678,3.82732401584753,4.23931741167968,2.72902295359606,2.88507277526083,2.40671275290553,3.14670359728369,3.02927618847789,3.27773913250206,3.57450277488307,4.3732200182654,3.04587204045737,2.81140935978314,4.42072519922858,2.98537547561911,3.2450834137657294,3.08077843289154,2.38096746395996,3.51705477513692,2.31710464650551,3.29042192580097,3.55687676669651
44,3.59850147758406,3.9204613810045505,3.00589744921544,4.16517902269043,4.18485219908189,2.74782512594678,4.01402625391466,3.56701133350228,2.72902295359606,2.83622863784762,2.40671275290553,3.17098746674462,3.01646666893759,3.27666072489444,3.60485868370512,4.55368446718514,3.23867711064037,2.94503964525449,4.46855822746123,2.98537547561911,2.86081644399594,3.08077843289154,2.5060291638138894,3.51705477513692,2.97084515492518,3.41470040215109,3.54128153636376
45,3.78617517743346,3.9204613810045505,2.97640623965747,4.53832001580957,4.18485219908189,2.36376457894451,4.02437174651693,3.567016180329,2.85483255683481,2.73670381131267,2.31097913898358,3.17098746674462,3.01646666893759,3.27666072489444,3.60485868370512,4.602457011251,3.2676400117175106,2.98946068256708,4.46065143923193,2.79973601210619,2.92046409270896,2.92832634726786,2.31524451184759,3.51273529216859,2.97550200084013,3.33492892213373,3.40681735226492
46,3.78617517743346,3.70712872034485,2.92361685688435,4.17024550720676,4.5253263820853,2.88905535611878,4.02437174651693,4.43125156535631,2.91679140582786,2.71165494570852,2.40108048116881,3.31059593376533,3.21953717944592,3.38799323850576,3.46805094935337,4.602457011251,3.2676400117175106,2.88281996012207,4.46062223155211,2.79973601210619,3.14540581241863,2.92832634726786,2.49617985413151,3.51273529216859,2.91184718076102,3.33492892213373,3.63167060682395
47,3.60790131901306,3.6424439326415694,2.92361685688435,4.17024550720676,4.13850650857185,2.88905535611878,4.05516008816702,4.43855965049304,3.02670611272347,2.85797598206219,2.40108048116881,3.21606576682072,3.0712781444428,3.38799323850576,3.46805094935337,4.70112122682617,3.20636504025758,2.80800223609555,4.45252772582449,2.79973601210619,3.17303989447284,2.88566582722523,2.63100136601103,3.43674844762392,2.81339314902926,3.43434497862711,3.49558196759972
48,3.60790131901306,3.6424439326415694,3.01884254780051,4.5750871577428,4.13850650857185,2.64218469980374,4.0167566865667,4.37211933156983,2.68070032174614,2.87552408773361,2.36744869400435,3.21606576682072,2.99116000859004,3.65562298207811,3.46805094935337,4.55878626567375,3.46559962204852,2.74725033813454,4.57668264660692,3.20448740975132,3.17741219963742,2.88566582722523,2.5573191295252906,3.43674844762392,2.93644242632019,3.417156965994,3.49558196759972
49,3.7189782903867306,3.56790533156738,2.92680819719941,4.58182382516004,4.57063885931991,3.04091503776953,4.0167566865667,4.37211933156983,2.68070032174614,2.80043039133843,2.41255345398265,3.4331075245123,2.88558116424871,3.65562298207811,3.9265108167715,4.55878626567375,3.21466073785337,3.13425885902397,4.51955690050136,3.20448740975132,3.12955823475289,3.15434279832731,2.40671912952529,3.49452235492433,2.89503568770998,3.417156965994,3.68682569830923
50,3.7189782903867306,3.76416344210846,3.10737446678174,4.44097683357619,4.31456012264586,3.04091503776953,3.89040793716298,4.21540905789525,2.98566780668612,2.86763495763392,2.41255345398265,3.64606393604306,3.24556886779531,3.49631113964129,3.9265108167715,4.58224518963505,3.22445588948537,2.94923055324383,4.31537709085488,3.1465509124683706,2.91696745589308,3.15434279832731,2.28597252822448,3.49452235492433,2.86603748150489,3.55031584154724,3.53009387369876
51,3.8049192235134,3.76416344210846,3.10737446678174,4.32751253167412,4.47474770966251,2.64210717115068,3.89040793716298,4.30403731137915,2.79622668607362,2.86478438619899,2.48326480709911,3.64606393604306,3.24556886779531,4.02228765864834,3.62270014590591,4.78172179844682,3.10776731973135,2.95056286381416,4.39489541145087,3.1465509124683706,3.3433116211781506,3.28891018743516,2.53030406019213,3.51935174935401,2.9007550908094,3.55031584154724,3.61851328185025
52,3.80492431495986,3.44304402135953,2.9536706650902,4.76796586927201,4.47474770966251,3.04482624420081,4.05774339313832,4.30403731137915,2.94678442743401,2.86478438619899,2.30625715507871,3.31664188583484,3.27810882394594,4.02228765864834,3.62270014590591,4.67783222978137,3.46279704310551,2.99317838888002,4.39492425697441,3.1465509124683706,3.15567142105319,3.23735914231102,2.54234061128126,3.51935174935401,2.8752168701902,3.36966959036611,3.61851328185025
53,4.06739996591918,3.66740634705892,2.9767934255654,4.69968047759206,4.44741961095606,3.14775673639787,4.09209931552845,4.56512497482063,2.95400774253512,2.91272175737369,2.30625715507871,3.32708024555999,3.22366509495258,3.52316758933451,3.82106424481782,4.67783222978137,3.35004091973135,3.00972169030729,4.41236883723133,3.25356365478173,3.14407138465824,3.23735914231102,2.47564668695418,3.61358057657424,2.83647302928294,3.36966959036611,3.63209921135115
54,4.06739996591918,3.66740634705892,3.01305502981026,4.65566104480423,4.58132247499872,2.99193382411186,4.09209931552845,4.21048452163034,3.01846673851361,2.91159846895319,2.61501700530144,2.82841635588017,3.43095391796092,3.5231623007868,3.82106424481782,4.72090252018792,3.1453449750718,2.73096803969134,4.44877913922247,3.25356365478173,3.01880295182644,3.32041510521236,2.47564668695418,3.61358057657424,2.89635732487471,3.42118447744932,3.62930969929366
55,3.90311504146107,3.71974423758314,3.01305502981026,4.65566104480423,4.58132247499872,2.99193382411186,4.0571446153202,4.33833808927455,3.01846673851361,2.99411269006321,2.54151249530282,2.82841635588017,3.43095391796092,3.86950688206676,3.6216735976438,4.7865427373881,3.23467148037715,2.98873422058261,4.48616174781347,3.28385328557074,3.01880295182644,3.32041510521236,1.62357399621662,3.05328316662447,2.84940724618363,3.64856502026098,3.81241044062186
56,4.07162214688928,3.94088421280129,2.95790823621961,4.60703321467768,4.39718047647458,2.86325274653444,4.30522819360125,4.33833808927455,2.94213132459803,2.90850443410879,2.54151249530282,3.26220517692346,3.23680077062978,3.86950688206676,3.6216735976438,4.87588968882779,3.197817255062,2.94781188611486,4.47726296893934,3.28387168782354,3.31120785804818,3.41176947034581,3.15865346348704,3.05328316662447,2.88933878251903,3.64856012488314,3.32052310132073
57,4.07162214688928,3.82716927616216,3.04889607843169,4.74208765685378,4.0503645117301,2.94134377143607,4.30522819360125,4.13992493234158,2.84411391254787,2.79452671024884,2.53847140623519,3.48836915091095,3.29971225350329,3.74956711662173,3.96964869989254,4.87588968882779,3.197817255062,2.62644742726737,4.66878579952883,3.28387168782354,3.21698403529781,3.41176489141988,2.89530614662899,3.93398558492845,2.8200073512319,3.60332496514183,3.61352289690482
58,3.8570752036547,3.82716927616216,3.04889607843169,4.74208765685378,4.0503645117301,3.03556999488885,4.05424135929866,4.42159036049019,2.84411391254787,2.80297971001589,2.47809560450805,3.32853943016405,3.29971225350329,3.74956711662173,3.96964869989254,4.63844814560733,3.3545454710115,3.14287162411406,4.66878579952883,3.25463681210581,3.42201690859009,3.55725569845486,2.81553074398584,3.93398558492845,2.8781424474238,3.60332496514183,3.61352289690482
59,3.8570752036547,3.60760719351354,3.05957943813434,3.19731989186059,4.75182057887937,3.03557640151645,4.223744503595,4.42159036049019,2.96577809747342,2.89276819847796,2.47809560450805,3.32857253339184,3.14942897162789,3.85298826693895,3.8785901066495,4.97536048405099,3.07544192293957,2.91702542964504,4.57677906289764,3.25463681210581,3.21953426982431,3.55725569845486,2.47456881829777,3.69472677844623,2.80049899465893,3.73402953627838,3.66874486587332
60,3.85707024205555,3.8711339506647,2.96896103346,5.88684936093724,4.45766681949901,3.00133614955085,4.223744503595,4.40361040206166,3.10550137502834,3.10757742545491,2.35452181063973,3.49309176971268,3.14942897162789,3.77054406292987,3.8785901066495,4.97536048405099,3.33834868523138,2.92646128892065,4.59948772007069,3.17048642613379,3.1244938131400306,3.50476022342267,2.69025655891833,3.69472677844623,2.83478552935475,3.75902351575939,3.64405157659573
61,3.74205310296202,3.87113987806334,3.05608052183236,5.45729330604887,4.45766681949901,3.0316581027777,4.25828209067507,4.5005157658689,2.83676253805247,3.00530067522601,2.53049775700441,3.31638254297336,3.2063272088,3.77054406292987,4.11631491116018,4.7242015036126,3.33835504823758,3.1104143666765,4.51473627632987,3.17048642613379,3.34229064067636,3.50476022342267,2.55300583529886,3.58586315232603,2.90548978433296,3.75902351575939,3.88493851664272
62,4.19087264972658,3.9088164174859705,3.05608052183236,4.9319144475201,4.81921557292209,3.0316581027777,4.35855983947337,4.5005157658689,2.81048810621382,2.82968445413747,2.53049775700441,3.31638254297336,2.98341788900183,3.74310244771668,4.11631491116018,4.8532235362834,2.32528047843414,3.0467693895908,4.69697283723133,3.38172181779146,3.19095731244976,3.48227923964602,2.61728882031261,3.58586315232603,2.84565390102885,3.74794761581828,3.93714587246284
63,4.19087264972658,3.70882755681473,2.90131441985777,4.85250372695196,4.52002650486321,3.24100615158447,4.26826862292534,4.64283286195433,2.81048810621382,3.06772336902988,2.38875103968568,3.65490941044498,3.31675504657837,3.74310244771668,3.84590178424791,4.8532235362834,4.31486596815022,3.00614793871589,4.4585249677532,3.38172181779146,3.41425218493536,3.45025823373655,2.50436237398202,3.63986970872809,2.83481012636234,3.85139136744753,3.93714587246284
64,4.37991996214196,4.00356447856509,3.0765365475396,4.77111805678453,4.52002049108891,3.20991249458311,4.26826862292534,3.9994921221439506,3.08217816900955,2.96977066738911,2.38875103968568,3.83899374906988,3.21436478691904,3.84570748761001,3.84590178424791,4.91419472397101,3.77478811043988,3.05876878141498,4.4585249677532,3.25090795078101,3.07747148433256,3.45025823373655,2.50532481584737,3.64028540055839,2.91553126001619,3.8513862588004,3.71778839732627
65,4.37991996214196,3.8118773771990906,3.02261534112763,4.87743798340113,4.1022418254601,3.21820771682249,4.3342510574878,3.99948707013759,2.95738930673909,2.98929244681274,2.55466036576847,3.83899374906988,3.12618159923403,3.9204366199728,3.33631896077306,4.9375090294825,3.5677581061304,2.83081049745145,4.6273520615488,3.25090795078101,3.0362677740626,3.73680477948493,2.55930970924974,3.64028540055839,2.79005469873186,3.73317199651696,3.81512079281437
66,4.19697123813703,4.00522853448608,3.02261534112763,4.4486622063434,4.66792168896565,3.09919333102729,4.18336122161401,5.01819337389547,3.01757270631444,2.91678993791367,2.49503705962841,3.32077098703039,3.25822900253641,3.9204366199728,3.33631896077306,5.12233322359297,3.4187910515339106,3.03413953244233,4.51383315923361,3.25090795078101,3.24762351942436,3.83762374710413,2.45330779936767,3.69437043578226,2.89251174873967,3.85004548031793,4.09600349288268
67,4.19697123813703,4.00522853448608,3.10587959589748,4.73762523735238,4.73462666611496,3.09919333102729,4.41420856147293,4.28275007229336,3.01757270631444,3.12556877209925,2.49503705962841,3.32077098703039,3.20533170785584,4.03863480835245,4.1537746155518,5.12233322359297,3.49577703421,3.00552842811346,4.62772292007069,3.3385040433708,3.31575271950329,3.83762847216061,2.62130670144226,3.69437043578226,2.79993499082044,3.72247111353887,3.68953428989888
68,4.1889166201272,3.60524397044122,3.17999149824923,4.56529836701382,4.73462666611496,3.01878124209191,4.41420856147293,4.54010419829352,3.00435717733568,2.97449396622915,2.48766374072056,3.44796024522053,3.20533170785584,4.17143105301159,4.222287498831,4.72628147308058,3.50378706864576,2.89716799639482,4.55491556373659,3.3385040433708,3.20834375172264,3.812488604013,2.60493746860935,3.4880214980986,2.84967221164893,3.72247620540058,4.02738456762587
69,4.1889166201272,3.8162491767450706,3.19131999898598,4.84852792849191,4.91371637721766,3.14993712443528,4.31995758935761,4.54009860548072,3.00717085289852,3.01799166840301,2.42696941342863,3.44796024522053,3.1193729058663,4.17143105301159,4.222287498831,5.09165272332442,3.36851082910022,3.26353427597222,4.56588878720523,3.34087725720067,3.16856503864611,3.81248431749836,2.60493746860935,3.4880214980986,2.61512760204345,3.80464093639224,3.82196474237626
70,4.17166279210586,3.89216521798874,3.19131999898598,4.87162558480378,4.50422967194446,3.24856057690325,4.30001041024767,4.4407822625912,3.07097385504479,2.95404560959609,2.42696941342863,3.69035625947736,3.23261115663089,3.19258648715872,4.17577196370415,5.09165830121715,3.36830595918673,3.01540286584633,4.56588878720523,3.34087725720067,3.03297491313082,3.69843372333909,1.81613573740267,3.86482833735472,2.86243714093647,3.50779149108385,3.82196474237626
71,4.51347629663121,3.89216521798874,3.15938733975534,4.66106565856361,4.58009937217009,3.08556378518358,4.30001041024767,4.5035811639108,3.03169162976627,3.09968445413747,2.66691283654739,3.69035625947736,2.93444305460975,3.76149740729155,4.17577683909065,3.72376390573592,3.44787420493009,2.99901993871589,4.62402581747419,3.46394731913254,3.03297491313082,3.78299164177112,2.88318295802548,3.87485158726495,2.79935713752975,3.50779149108385,4.07975979255604
72,4.51347629663121,3.52850274344798,3.17604414986625,4.72558961956267,4.58013498861458,3.11817560397903,4.40465275362823,4.5035811639108,3.03169162976627,3.01542230734458,2.48789728423999,2.77241745511565,3.18171729811821,3.76149173016112,3.95863085944839,5.56413120244282,3.22946596634149,3.05494762701703,4.46460321467237,3.46394731913254,3.06358669302192,3.78299164177112,2.7369610875046,3.87485158726495,2.73958931162646,3.80648089816635,3.83851070676102
73,4.4551801054046,3.52850274344798,3.08734886491469,4.54642629339088,4.82779882747529,3.11817560397903,4.52017806895422,3.51778396450753,2.97248504704649,3.01542230734458,2.48789728423999,2.77241745511565,3.25872982827804,4.03525507102995,3.83552822074056,5.56413120244282,3.55730218146552,3.04699804885041,4.6878936849244,3.30664737025536,3.2434278364571294,3.66722131373269,2.59605447301548,3.7821798476134,2.84229664850597,3.83271786793847,4.05640514809761
74,4.4551801054046,3.81842485683774,3.08734886491469,4.64396920523472,4.22604808845551,2.32495598611694,4.45984431312112,3.51778396450753,2.87347718146288,2.97995838513542,2.68147153457212,3.92584574208319,3.22305700351939,3.91962456956814,3.83552822074056,5.07064233272463,3.11373676791976,2.93718460852187,4.24767296461151,3.30664737025536,3.02534439819132,3.8917290200724,2.54573136735732,3.81141412785959,2.75238586765587,3.80057916849329,3.76199775414596
75,4.38257046118357,3.84282745646532,3.15904681846661,4.80037011534075,4.22604808845551,2.32495598611694,4.45984431312112,5.50290450095622,2.87347718146288,2.98488118698051,2.59224693590931,3.73860223892342,3.22305700351939,3.91962456956814,4.09263622683159,5.17526835656218,3.39280880283333,2.69725860852212,4.83939611799179,3.4951782639275506,3.26726658801674,3.8917290200724,2.49544816735732,3.81141412785959,2.81036485479983,3.80057916849329,3.93833895743097
76,4.25857063365005,3.84282745646532,3.00535996042506,4.72691847115362,4.64253225871095,3.49710640908163,4.30108725714355,4.59701230301507,2.7421569366032,3.12845550493733,2.59224693590931,3.73860223892342,3.17097431281642,4.6808864500943,4.09263622683159,5.1752628734201,3.49805303982814,3.23610773178407,4.83939611799179,3.4951782639275506,3.26200141498031,3.67017026130726,2.34900618182876,3.66060359133998,2.88333908932636,3.89758124955738,3.62082036832264
77,4.25857063365005,4.07410647405588,3.00535996042506,4.55206623742114,5.04383171356622,3.40583999628204,4.31078772113776,4.48495901459454,2.98248839753792,2.90611384554607,2.67044891006879,3.64599246194116,3.2087329231949,4.40582206108389,4.01949086443289,4.6966566320651,3.54023792773978,3.0058477776826,4.84019100611221,3.4759596506731,3.26200141498031,3.65665858454776,2.59231592552702,3.66060836799081,2.81006038661132,3.83627879093596,4.22213935472058
78,4.33804911942766,4.07410647405588,3.24560422649406,4.73521627402729,4.41890456913463,3.42623557212047,4.33081433828525,4.48495901459454,2.98248839753792,2.94134275493009,2.56512073165252,3.64599246194116,3.26559231235822,4.40584978870522,3.95740940012268,5.24695010117117,3.4003383825914306,3.0272791453953,4.70451440032653,3.47597975669984,2.50909116580122,3.65665858454776,2.41644064887039,3.8859976263385,2.79725741058418,3.67375498005547,4.17484773323961
79,4.33804911942766,3.1328379126591,3.21398482034527,4.64012334108153,4.41890456913463,3.39213319292405,4.45029624321396,4.70385393586053,2.8898558081731,2.98075124837861,2.56512073165252,3.6692081806234,3.16351460788566,4.24578348643434,3.95741407689857,4.93538956447923,3.4003383825914306,3.1506097708126,4.59486631045667,3.49024846472006,3.48440532994943,3.97034559616627,2.41646129964642,3.66823444206198,2.7863574830118,3.67375498005547,4.17484074490165
80,4.31362074217705,4.18731304524199,3.10265105524301,4.86738043995235,4.61123763579993,3.20770505306832,4.45029624321396,4.451041654894,3.20154365278163,3.0742078774577,2.52336847356633,3.60952708059456,3.23088672575814,4.12700927499818,3.96763466052625,4.93538956447923,3.38334257511033,2.98329634669369,4.59185861199648,3.49024846472006,3.41707309711514,3.94503083406817,2.45037110862604,3.66823444206198,2.75264050192423,3.77429405098281,4.03985889265373
81,4.31362074217705,4.18731886988348,3.10265105524301,4.74172756270305,4.72782779058094,3.10461265841289,4.58097476372988,4.451041654894,3.11191331616485,2.99048024837861,2.53735976191987,3.60952708059456,3.48673124280042,4.12700927499818,3.96763466052625,4.88140048733931,3.24764097356297,3.12155252322797,4.69096487923529,3.51543072438834,3.09750178988045,3.77588568516741,2.36684304736521,3.80873607845499,2.75900682746547,3.83185015658826,4.24072615448257
82,4.27976628046867,4.23436912162542,2.93372765869676,4.93177593909733,4.74813631644517,3.10461265841289,4.4190312911491,4.43236543005521,2.96942965363459,2.97445466355628,2.69858897978574,3.66944574336867,3.48673124280042,4.30313584340724,3.92036174543326,4.81787793434304,3.02145999756803,3.13534323814244,4.69096487923529,3.51543072438834,3.28305052204294,3.77588568516741,2.48743838241008,3.80873607845499,2.77514917144584,3.79480581655297,3.84453309030732
83,4.59228533058569,3.71387491226151,2.95364656477782,4.70245049512869,4.74813631644517,3.20256960408178,4.39870196013606,4.47365142016195,2.82725773958363,3.02208319193611,2.69858897978574,3.66944574336867,3.33931291570529,4.12565315566975,3.92036174543326,4.81787793434304,3.5627041236246506,2.99413507294528,4.74894479922858,3.44291867037865,3.20870016440455,3.93398012257265,2.51629262192583,3.73759167531828,2.76340712285344,3.8798582558984,4.27219949277025
84,4.59228533058569,3.71387491226151,3.28248315452914,4.85939884565883,4.64987568431258,3.26482519676056,4.35919616606773,4.33897783293002,2.82725773958363,2.96889258448453,2.7420697022107,3.6628663876234,3.04050713267123,4.40653309151895,3.72577203784334,5.04324216109022,3.38174678817448,3.08306473854226,4.70207210340899,3.44291867037865,3.31098109823445,3.62289905001398,2.53072476779858,3.86724691949853,2.81320451530131,3.8798582558984,4.01428612340935
85,4.57322983365005,3.85496157457476,3.28248315452914,4.83743129593623,4.61114387617809,3.34866253455983,4.35919616606773,4.33897783293002,3.03421252097823,3.2027110985311,2.67756643713591,3.81336533453886,3.37247463474342,4.40653309151895,3.72577203784334,5.0289458641202,3.47497053673946,2.84211141150003,4.65586643258905,3.32190066584446,3.16705639973478,3.85547875540047,2.50154060791358,3.86724691949853,2.79159997267496,3.81138469540098,4.11016498096677
86,4.57322983365005,3.7324922646260905,3.15591761089875,4.7551429845851,4.61114387617809,3.13572356550776,4.55904735266769,4.42330190595451,3.06053808178273,2.79579439763266,2.67756643713591,3.81336533453886,3.33529325557605,4.16138100211698,3.35143023091166,5.0289458641202,3.4547749184317,3.1602087695883,4.65960952058396,3.32190066584446,3.29206289203457,3.85547875540047,2.52644742329802,3.86771464982182,2.7838352821717,3.78793530210267,4.11016498096677
87,4.40090683127531,3.7324922646260905,3.26466474136591,4.91945728921695,4.57206053038954,3.43185409122996,4.57382918668812,4.41460378895451,3.01418383565931,3.04875859490681,2.52526611764921,3.62420309931757,3.33529325557605,4.3248051574822,4.14117033455527,5.07218784216248,3.4491554714364,2.99895654745395,4.63069779592499,3.59867885054064,3.28506108650359,3.83048896004717,2.4277978916064,3.86771464982182,2.83070768767075,3.78793530210267,3.61670153429586
88,4.49599827729659,3.94060576197207,3.13660186655045,4.86904118545374,4.62359246233318,3.43185409122996,4.52722905353106,4.41460378895451,3.06464232535697,2.97008058448453,2.64253957113369,3.62420309931757,3.35467623953628,4.3248051574822,4.14117033455527,5.0132820810709,3.52468356807825,2.85060686775334,4.63069779592499,3.57049570333496,3.25239792759084,3.83048896004717,2.42291111843034,3.81407001444755,2.74624895724481,3.81342279965417,4.3451689083843
89,4.49599827729659,3.7083040553029094,3.13659677856239,4.88845545651067,4.99503751465317,3.2446035898497,4.52722905353106,4.19766176421431,3.06464232535697,3.00630555548912,2.64253957113369,3.49611204780879,3.28689689095857,4.41845476389452,4.15799082147465,4.90086064613755,3.40702155651613,3.1233089314285,4.7458512849244,3.57049570333496,2.9987139079184,3.44135855886858,2.41946027416163,3.85228394128091,2.78358443411397,3.83811205220117,4.31769234391242
90,4.44141921781437,3.7083040553029094,3.21737658194121,5.16342360563819,4.99503751465317,3.18527567024508,4.40529122276186,4.65345552690443,2.94231267709938,3.14932658404524,2.5125425523551,3.75083931397684,3.46726751840152,4.20826626847398,4.15799082147465,4.90086064613755,3.5137975742796,2.6281288051384,4.59453173943914,3.37370734379071,3.1601639521288094,4.152927257206,2.09692841778521,3.85228394128091,2.72963998841646,3.65749417766109,3.90878783391293
91,4.44141921781437,3.7964470033359095,3.13270464571383,4.76631281986362,4.49259808848802,3.2601773401002,4.47802227071534,4.83986621307682,2.98736232535697,3.05501920139629,2.5610287523551,3.75083931397684,3.60069025679316,4.20826626847398,4.07249444258334,5.00214276643865,3.51224669429225,2.6281288051384,4.8303647342326,3.37370734379071,3.09122484999743,3.8959821539586,2.70774957793582,3.3989124243586,2.68071459059323,3.65749417766109,4.02577679652538
92,4.49297500067,3.8927199945203,3.23776239812609,4.96467264445374,4.95454313776163,3.25774975823156,4.5964639234658,4.83986621307682,2.98460264575959,3.1023387821336,2.5610287523551,2.87574134784418,3.05070654431427,4.04546808024434,3.79766640283435,5.13996083225953,3.39463675721127,2.82497949377958,4.62451385657949,3.37370734379071,3.09129342361869,4.06355900489002,2.67501789490514,3.3989124243586,2.68438050509892,3.79699255369767,4.14130351950574
93,4.70188047051784,3.8927199945203,3.23776239812609,4.97148558556479,4.67475998898704,3.24222886966339,4.74167243724027,4.2191674968278,2.79991690540449,2.8448927115528,2.66377040570177,3.5504205964503,3.19064761196828,4.13179717758018,3.79766640283435,5.05658856231952,3.41570100048384,2.23731958419712,4.80784141725806,2.98049639044171,3.38409335197115,4.06355900489002,2.46776397793582,3.60068984176769,2.77394059035655,3.89063492530952,4.42405061761043
94,4.70188047051784,3.46819759863868,3.06823188852957,4.81585844551226,5.01116189021511,3.22811354653002,4.74167243724027,4.58058341214792,2.79991690540449,3.03963148219585,2.71340460866562,3.5504205964503,3.17318905672484,4.13179717758018,4.10794312207445,5.05658856231952,3.54115565997307,3.58704346176496,4.7206603251409,2.98049639044171,3.38409335197115,4.09650861383941,2.64806531781141,4.18821040226969,2.41373708938313,3.91208409241876,4.42405061761043
95,4.53228805943534,4.10546795897128,3.0943708723859,4.84486171691442,5.01116189021511,3.2735604558182,4.54060636148157,4.58058341214792,2.98957753037933,3.03963148219585,2.76831883239924,3.89762418881889,3.21141213161657,4.67859543975405,4.06997117071067,5.10986662413541,3.55838831252583,3.28670493990733,4.74378669983085,3.16135566613504,3.05483227575781,3.7876816860337,2.52138403887975,4.18821040226969,2.92533899908448,3.91942500818215,4.0135140741284
96,4.37589207394868,4.10546795897128,3.26062469203195,4.76119831620589,4.57598653828469,3.19783291377996,4.64293372167645,4.43846304336993,2.92201272366694,2.83579187579243,2.76831883239924,3.65758411239242,3.21700486040425,4.68817905442894,4.06997117071067,5.21312972306007,3.28414457511033,3.1286595650753,4.79794076355752,3.16137436943745,2.90397977586539,4.01773134905781,2.51326113881891,4.02758713666072,2.86475154858561,3.91943035425409,4.13317265347032
97,4.37589207394868,4.10547326428993,3.26062469203195,4.39754679075785,4.55942960937729,3.19783291377996,4.567032416288,4.43846304336993,3.05322871984068,3.11031826218347,2.54676420893223,3.99465268162114,3.28467391482458,4.57678180966385,3.9813571000215,4.89480292196633,3.41893082289598,2.94068202160703,4.79794076355752,4.00437710857431,3.17544991233158,3.93962613364086,2.4166518997892,3.85015481351398,2.89506354858561,3.57536958128197,4.03988999510638
98,4.52690559911613,3.6253309127153894,3.12601760098918,4.93625594565155,4.77428298487195,3.06839425076731,4.38752457028214,3.59533985722992,2.88976776983937,3.12027780754139,2.59362058637698,3.99465268162114,3.24368083111674,4.57678781908563,3.9813571000215,4.89482886744431,3.5524684743364694,2.88429091654545,4.71547433505126,4.00437710857431,3.26272624616099,3.75825028171135,2.42284829367225,3.85015481351398,2.82685154699617,4.11627639162408,4.23723840581644
99,4.52690559911613,3.6159693039607106,3.218769686682,4.76770890201231,4.72090344912468,3.1375765986782,4.38752457028214,5.42807610329878,2.88976776983937,2.90625630694041,2.59362058637698,3.79565270932705,3.05062170656616,4.50625789767523,4.04388122207445,4.96597791545796,3.5946601908911,2.98293731108566,4.685962468925,3.58055190230678,3.1752422663813,3.75824511624837,2.4228434761787,3.7910396295029,2.85211445701869,3.84537253789332,4.16881014204445
100,4.38559221452837,3.6159693039607106,3.218769686682,4.85475293020196,4.72090344912468,3.22310445845177,4.58090021597415,5.42807610329878,3.02722313892192,2.97516894364177,2.69137348563795,3.55524697359237,3.05062170656616,4.42500983375413,3.81697813405466,5.05308060568509,3.29011543075137,3.12335178345532,4.83163829070385,3.58055190230678,3.1313330234203,3.88107078577583,2.18904922114607,3.76461423516702,2.85526765974697,3.95570947109928,3.77496405680467
101,4.67487812438267,4.27565219583172,3.08963950504031,4.94252928049979,4.63436630524082,3.30000913356682,4.28822820677204,4.75946785547635,3.11294618319793,3.05831817182786,2.49361763075617,3.55524697359237,3.29951373465464,4.47482086469009,3.81698294326543,4.82084876293778,3.52763611089733,3.2321649314285,4.77511456523136,3.22239123129037,3.02677548015915,3.75269429679798,2.48115119347683,3.76461423516702,2.80118956961591,3.95570947109928,4.04885530919671
102,4.67490518928091,3.8733032227809,3.07574717916185,4.99647424193389,4.81663361214507,3.1073686394146,4.42951519994044,4.63467269874251,2.95082689308162,2.93218673846696,2.69126701393531,3.86298330142811,3.11269274136121,4.47482086469009,4.01778790056296,5.113363753711,3.49974719440774,3.14410500867151,4.7180692221887,3.22239123129037,3.1376804668611906,3.96860743052688,2.46024381142254,3.7586758440908,2.75067216335393,3.78590480996449,4.15981222389229
103,4.69895755934552,3.8733032227809,3.1636112351607,4.89294741661753,4.81663361214507,3.19514783724482,4.39568933301721,4.50754945737663,3.12933198908576,2.97991521337763,2.69126701393531,3.58494377328064,3.25683545705001,4.3595544077727,4.01778304072892,5.113363753711,3.6161310783588494,3.00668661862734,4.7180692221887,3.5823565274889506,2.99440088541399,3.99162026851474,2.64509519347683,3.7586758440908,2.7713126579253,3.65283134137093,4.46209507905177
104,4.74771878084213,3.8373902610953694,3.1636112351607,4.84337526278475,4.49318131375739,3.15963717753114,4.74145759710454,4.50755467565017,3.12932672695533,3.03665861045777,2.54300967823862,3.58494377328064,3.33033493923585,4.38852431766468,3.8667834355223,5.11150101817069,3.53285059270967,3.18314924001275,3.85779514988778,3.5823565274889506,3.31002152827025,3.8340052383327,2.43022366587849,3.87946603539457,2.76090088946148,3.96899667284075,4.27576632542251
105,4.74771878084213,3.6751606553485705,3.16861182369327,4.8750175932099,4.9481370715268,3.15963717753114,4.74145759710454,4.62432608564598,2.42808612857028,2.90464537345343,2.5757433326104,3.89567009130404,3.25714015508273,4.36816995552398,3.88050836985501,5.18104417281463,3.57716452329604,2.92126881990804,5.4911425387748,3.76134084646176,3.1845653699384706,3.8340052383327,2.51627709612982,3.82853628915626,2.80306822254581,3.96899667284075,4.00196957583837
106,4.46116640769094,3.48752115213204,3.07511308157146,4.8153053519334,4.58950667428041,3.30919660784028,4.45545023556915,4.39778900349766,3.18422713631263,2.99747465375114,2.5757433326104,3.63686878519322,3.37565740105565,4.3681756939875,3.88050836985501,5.18104417281463,3.62692867748482,3.18006284153635,5.24105464081638,3.76134084646176,3.06588798970605,3.92869181049626,2.50001881843753,3.82853628915626,2.80306822254581,4.03217444272728,4.23719205754601
107,4.46116640769094,3.48752659959368,3.23120024769481,4.94479441643565,4.90136557356334,3.31251983284182,4.54169732692394,4.11375667761281,3.18422713631263,2.99847568286136,2.68857185880212,3.63686878519322,3.23758662637623,4.25258253456948,3.83800936872226,4.9721122904124,3.56549230339118,2.97425771162944,4.94995157152368,3.47203135320835,3.12218494468712,3.72340458571089,2.26145394746846,3.83141874903095,2.78436381611882,3.88631680645294,4.23719205754601
108,4.5545732185202,4.05585373456383,3.21459660693142,4.98177660225826,4.90136557356334,3.22200608987467,4.73214772730916,4.11375667761281,3.0895509791829,3.02880372556725,2.69432572949275,3.1079844273984,3.21553110269725,4.53868575552398,3.95763453824414,5.05314587232178,3.4266917569859894,2.59993987593781,4.73017452757254,3.47203135320835,3.12218494468712,3.91087981545334,2.49036884333711,3.80235878708974,2.72122058635899,3.92008840292178,4.07808453780784
109,4.57391573813551,4.15530986752449,3.21459660693142,5.07556199974313,4.79952596872026,3.15979985281233,4.3713055234974,4.34840084148129,2.9941691449884,3.13322290062206,2.69432572949275,3.94141361978101,3.23816404921984,4.53868575552398,3.95762934562281,5.0739842990819,3.39100024249864,3.34552178283103,4.76541014943037,3.61754145356871,3.07441280206023,4.04132808802181,2.43903225963305,3.80235878708974,2.74889498398865,3.94704249781581,3.69086856766891
110,4.57391573813551,3.8551221197695,3.22603438241486,4.89512223249936,4.70455269159399,3.15609744729255,4.40286078630434,4.36437811122666,3.13967282524777,2.98453690986628,2.56059565793968,3.94141361978101,3.23816404921984,4.36109216048207,4.16122391360124,5.0739842990819,3.4513670003364,3.213900243747,4.64324294443442,3.61754145356871,3.03155703002788,3.89442897473924,2.41265643687151,3.89178133624978,2.80387791051873,3.94704249781581,3.88926680117628
111,4.67027837359788,3.85511652222075,3.23443415118182,4.87630655661886,4.83260611802559,3.2125332189205,4.40286078630434,4.3621090675078,2.87883882280292,3.03630071456606,2.74195207888071,3.88803231701028,2.7588286785126,4.58657687934866,4.04641882882297,4.97387343282408,3.30442869870292,3.13245274209286,4.73854370714334,3.47529199395388,3.32683738116451,4.14227872549987,2.53866890184259,3.94515682688289,2.76938925601121,3.99288295268429,4.01288044914254
112,4.49257263440288,3.8425856573519295,3.21033703628547,4.7617774239862,4.83260611802559,3.25991887969579,4.57828697256689,4.57476866833274,2.97014687235022,3.00651136669411,2.74195207888071,3.81036538910029,3.13742516417261,4.58657687934866,4.04641882882297,4.8562395334982,3.40445660629345,2.89760702585622,4.73854370714334,3.68198117304354,3.41094587333581,4.14227872549987,2.54055998552178,3.94515682688289,2.82319489548105,3.92141229374608,4.2529422436304
113,4.49257263440288,3.99390456027748,3.18386642217083,4.86265209358607,4.35477255858599,3.28492945390331,4.55698323407932,4.57476866833274,3.06404091251697,3.01757480357829,2.6756149207705,3.91309077135343,3.59641181675178,3.79393823938877,3.82467501194768,5.17760451411161,3.58790601976225,2.83420628201957,4.77691738068705,3.68198117304354,3.43690848480793,3.9422569423702,2.47469895925395,3.91839584310118,2.86595418425811,3.9809791601293,4.21847043381575
114,4.47548425890426,3.99390456027748,3.18386642217083,4.76349863029732,4.20109494145171,3.28492945390331,4.56568805757195,3.94451827041707,3.06404091251697,2.9624779135435,2.57057023590093,3.91309077135343,3.30458695761015,4.9287944160658,3.82467501194768,5.17760451411161,3.32873462301685,2.85800749773765,4.8399897399658,3.71363482680618,3.1245142932725294,4.0064749620156,2.43448669755381,3.83592914494251,2.79889048326497,3.96592076884108,3.90538601514611
115,4.79596852010167,3.72088066758302,2.93953102030477,4.95204109974527,4.73094306213943,3.16310895594396,4.67096810781161,4.38908027089317,2.95537291653084,3.23638067188885,2.57057023590093,3.62713892073787,3.33604080199778,4.76568575293435,2.98476421382778,4.07643045881505,3.65596921865209,2.64389662339506,4.78957658068705,3.71363482680618,3.1814399414208494,3.85029198771512,2.48609701418502,3.83979868441728,2.78156326628713,3.96592076884108,4.205792728948
116,4.63933687848429,3.99986464043182,3.25394840107371,4.97956367387253,4.73094306213943,3.21597905809214,4.67096810781161,4.90707219160485,2.94455096974348,2.95616824969344,2.68783247599229,3.71600180424809,3.26697353301693,4.54695069031757,4.49777839309681,5.45066932780393,3.4684443622078,3.19100177602693,4.79159183323893,3.6862812049475906,3.45250777053966,4.36147278268507,2.41093423150356,3.83979868441728,2.7687148325771,3.86281964201121,4.2362853815427
117,4.63933687848429,3.86964233744301,3.31977709387502,4.90935346994105,4.4144595371241,3.41465459999493,4.62939576675438,4.90707219160485,3.04893714495373,2.95616824969344,2.42785510032526,3.71600180424809,3.34665480242394,4.54695069031757,4.49777839309681,5.10822252978593,3.38564935224757,2.8325898017421,4.68638229944038,3.6862812049475906,3.31856312222994,4.07985898051306,2.50850183842392,3.60664937682875,2.80880546372037,4.0399429382539,4.17898910971974
118,4.74336167618112,3.8479793813632295,3.31977709387502,4.90668651328815,4.58626411235745,3.23845790268347,4.4554058935514,4.72172008837701,3.04022496355173,2.96125259918542,2.42785030144144,3.49515490384623,3.23753994261237,4.43490961334048,4.14934110815701,5.10822252978593,3.44004404698357,2.8325898017421,4.96006969292775,3.63360216463486,3.31154154937283,3.93722024822618,2.17208044626257,3.60664937682875,2.81876835385578,3.92164647763507,4.17898910971974
119,4.74336167618112,3.8479793813632295,3.16393302188808,4.84616467753447,4.78081893479972,3.27751060031205,4.45513293600615,4.71087467770097,3.04022496355173,3.02853958677408,2.67204517020016,3.69732179173635,3.59957778450816,4.31212007634196,4.15473346766184,5.11241891260586,3.22696211483751,3.00830086164428,4.85677755957174,3.63360216463486,3.13800081585446,4.05554948902015,2.4382634246575,3.12797711854736,2.73661221664392,3.92164647763507,4.04708488181402
120,4.67358871113044,3.7383043731815,3.22514847760417,4.88799103075913,4.78081893479972,3.22157128533884,4.58959502616804,4.40883076125723,2.91061984630222,3.02852275448083,2.64417318615723,3.80941288935494,3.35336080230556,4.59254221387904,4.15473346766184,5.108853204037,3.57846799606224,3.23669990779444,4.66544324883352,3.55651939583882,3.20862700735286,4.06846514145372,2.55331062574431,4.39026460283843,2.77565659370173,3.78906911001096,3.94169583901679
121,4.65407067675448,3.8693714600598295,3.21475118148125,4.82029181092915,4.53635405984932,3.20503291024547,4.49756680550289,4.40883076125723,3.06448954709776,3.08920228788551,2.88056830188686,3.80941288935494,3.37485712818464,4.59254221387904,4.18251160157155,4.73444267203398,3.49764616723598,3.23669990779444,4.77750407286129,3.55651939583882,3.06541396850246,3.99393825854967,2.5429924024597,4.39025864222935,2.76352667782729,3.7857386550451,4.22694283712051
122,4.72596990404032,3.8026498697893105,3.16327985722168,4.80512240342781,4.46365829082082,3.06115851882305,4.49756680550289,4.53937827057606,2.92525729337038,2.92828538278392,2.88056830188686,3.40033192602994,3.25036170064995,4.54851058026415,4.18251160157155,4.73444267203398,3.7471793349817495,2.65494902108735,5.19109975353072,3.51173918442013,3.1805706862719,4.01523923302876,2.46645497109169,4.1032718356592,2.78664295299695,3.78574403958876,4.40849886253913
123,4.72596990404032,3.57552450192328,3.19095654896787,4.92861655991967,4.8876714073633,3.14502173748903,4.73716003017738,4.6498346482685,2.97482261547349,3.00012807601408,2.66990015007744,3.84985222045128,3.22620577230507,4.50560940340949,4.05649636968165,4.93955186966709,3.4463418622078,3.15276096464806,4.76040511717407,3.44346616772934,2.9894949382303,3.95910170041791,2.46645497109169,3.92246119204509,2.85021791149993,3.47191068596751,4.0368452884593
124,4.62959658180174,3.57552450192328,3.19095654896787,4.72098234229168,4.8876714073633,3.15135041543629,4.76429689134349,4.81028927073242,2.97482261547349,2.93865388457274,1.92821243462231,3.87613642258915,3.2666343049706,4.16816662820789,4.09037016079058,4.79163344804652,3.5895515821070494,2.79525218614356,4.60021947391934,3.44346616772934,3.05937105203594,4.15562574740519,2.53007696953932,4.0209288618307,2.81465383761184,4.3550230114437,4.28855582910823
125,4.61649801133555,3.96452092390826,3.29051974854652,5.04835560717848,3.95954821302439,3.26474039841355,4.50047361924886,4.81028927073242,2.95807424064502,2.98524331314516,1.92821243462231,3.61942155219638,3.15749306754631,4.16816662820789,4.0903650304917,5.05302903900561,3.7448985829450505,3.33999399292928,4.85804878527997,3.6528674360614906,3.34486157376267,4.15928695071457,2.44376003262168,4.0209288618307,2.82526491680655,4.07421742360395,3.92184594913513
126,4.61649283044758,3.63737344290038,3.21905129613079,4.88206953728035,4.49135913577383,3.06966693785186,4.64283137520513,4.79902556473993,2.95807424064502,3.0503571852479,2.9496762169342,3.77167102357527,3.5071171201151,4.40482877597234,4.02886671836868,4.89935620359171,3.54825458727509,3.0076502828613,4.79259659312399,3.6528674360614906,2.80454673159675,4.03720898903394,2.44376003262168,3.86373049002733,2.85848542552177,3.91892138253675,4.20652358012014
127,4.58032315528436,3.63737344290038,3.30615383525472,4.82236917007037,5.36140743089387,3.06966057543068,4.62315287032985,4.36850628070418,1.89429148431217,2.90544545485885,2.79274190970264,3.77167102357527,3.23305098300529,4.44943935501688,3.90341565633082,4.73647513698835,3.54822907933684,3.11751245637463,4.78605960930949,3.715863196771,2.98688053250194,3.9713095294571,2.54118982616927,3.92769814002707,2.77686187570681,4.09239126464289,3.89059658278838
128,4.61700691082848,3.79036616427142,3.2218826254183,4.83960271228892,5.13137224517838,2.82315456833363,4.85538374091349,4.36850628070418,3.47383507722468,3.00085154042916,2.79274190970264,3.80345364257415,3.43389095971018,4.61084525748041,3.90341565633082,4.73646958913932,2.28701222743668,3.30107484224864,4.55959852273131,3.715863196771,3.19501579911674,4.01001907187512,2.43023600786178,3.92769814002707,2.76251974700961,3.95185213141182,4.18293469076344
129,4.61700691082848,4.10833635316851,3.2218826254183,4.83960271228892,5.13137224517838,3.11691958652222,4.50049581227531,4.47391867570441,3.23224327692569,3.00085154042916,2.67386725372376,3.76750179916848,3.39636579598549,4.61084525748041,3.92278892534547,4.83050760313701,4.29700931653897,2.60972480231184,4.81955746149011,3.5616806016515,3.19501579911674,3.91676258886495,2.43428507656942,3.87444781437063,2.73615249446388,3.95185213141182,4.23203653122325
130,4.64142638927976,3.6374663945696506,3.10646023075648,4.86805554198364,5.14096330233489,3.39760175705471,4.63648584679872,4.68562818851377,3.23224327692569,2.96437420004749,2.60256941645366,3.76750179916848,3.39636579598549,4.53835596414058,3.92278892534547,5.08233165016758,3.9601683573178494,2.60972480231184,4.7559539857996,3.66501137805275,3.48013138569309,3.07433299221261,2.39378652497942,3.87444781437063,2.41867757113551,3.95365040039361,4.26633918839077
131,4.59037241403175,3.6374663945696506,3.17504287910917,4.63426171691442,5.37405139881165,3.38028742310844,4.70592213684022,4.64092982819036,3.22445012448135,3.00128889824773,2.86257850850735,3.67437143876697,3.22005952788165,4.38478615396192,3.78805196905644,4.97557857757756,3.8326409435257105,2.42630778532375,5.02344183936367,3.66501137805275,3.04368609864526,4.53775675373188,2.15644077075714,3.38289797852893,2.89770574421687,3.86691110606996,4.10172617662906
132,4.59037738908605,4.08609199635083,3.14056636105937,4.90183030277084,4.72735705243843,3.23930675608429,4.70592213684022,4.86858821184568,3.14314290369432,2.99853192620684,2.86257850850735,3.77727603098566,3.32244439414886,4.59864466827999,4.04318104702003,4.86461376590183,3.69598184427951,3.07558771715735,4.84793989091592,3.63774904249092,3.06372906327351,4.53775675373188,2.5133823634771,4.20942456826596,2.8967823411345,3.95595889994637,4.10172617662906
133,4.92216153307224,3.69702437607134,3.16953798872574,4.82054862474046,4.79223456292441,3.16251564336982,4.70657312966922,4.86858821184568,3.00684744161917,2.96122115852641,2.67040351579841,3.83178013719498,3.37722044160843,4.59864466827999,4.04318104702003,4.86461376590183,3.55017243108014,3.2322567249741,4.84793989091592,3.9719157808432906,3.03392091645246,3.16053456224483,2.46060495431973,4.20942456826596,2.82348961553766,3.91721028324094,4.11772537662906
134,4.73164192598649,3.9807888826618094,3.16901382442956,4.77459540834589,4.79223456292441,3.15451145045764,4.73356088248618,3.6539598591201106,2.96192258803549,3.03391487118598,2.73640708800919,3.83178013719498,3.38742422123442,4.42026055572394,3.92393089536077,5.08240677757756,3.57153999383774,2.91237198071575,5.05854536178548,3.9719157808432906,2.8901542419303694,4.78946420877273,2.40276919225783,3.57391925463414,2.85009089581799,3.91721028324094,4.23817871791056
135,4.73164192598649,3.73453484067709,3.16901382442956,4.80706217482161,4.76988571675641,3.15451145045764,4.79851874356056,3.6539598591201106,2.96192258803549,2.90967909103148,2.47842838463318,3.59688091590414,3.30622963873951,4.33384526497708,4.01897477323823,4.78813841241771,3.40011564780369,2.94037410964235,4.84219060490846,3.40276141542396,2.8161260909791,4.58376308396463,2.45698351599191,4.08193399646024,2.85602674421687,3.86170894103553,4.338000803829
136,4.6354984415146,3.73453484067709,3.19073293052199,4.8914875721447,5.06128507306606,3.08485963728397,4.41032834092326,5.37535353082987,2.86039883515671,3.07060366900046,2.47842838463318,3.78910037182855,3.3254599622838,4.33384526497708,4.01897477323823,4.89808574990063,3.47531165361605,2.9748151690637,4.98956136466973,3.40276141542396,3.04377772316445,4.34530390688552,2.4283151386543,4.04277481115766,2.85941545050148,4.01563423974846,4.02915109424723
137,4.43915601184395,3.6384766575535705,3.19948672466607,4.72004021858325,5.24944507125763,3.18003289834392,4.70610196444463,4.63334133004324,3.06714031422121,2.92987254484271,2.67629544717353,3.78910037182855,3.47144822454763,4.50535186579634,4.10598523524277,4.93379816381809,3.56963209029735,3.2620918070474,4.97933924568425,3.74675016346504,3.04377772316445,4.19704640152889,2.61127540202497,4.04277481115766,2.8935482183654,3.88518982640162,4.00286783390195
138,4.55520597491455,3.9034682751424694,3.26261631173517,4.86956467753447,5.05975100000553,3.29390948703595,4.76989922254108,4.94444288247529,2.89178489471473,2.95968492819825,2.55538615063343,3.98395454416088,3.16860907208249,4.69520976728754,4.16051898758285,4.93379816381809,3.59127534969965,3.05381527865861,4.77599395715533,3.74675016346504,2.68244699877394,4.1493807988812,2.59123031288716,3.8544821891298,2.72977785549186,3.99944335034522,4.31493799412182
139,4.55520597491455,3.97098559855266,2.94851977721878,4.80208642246248,4.97317820950535,3.3467286964226,4.47896697610967,4.94444288247529,2.93910620749034,2.95968492819825,2.62218220681886,3.78790290400965,3.12912607956148,4.65819988672949,4.16051398670995,5.06367114695438,3.45031532550846,3.09614582227521,5.03140432935012,3.4446002676880294,3.05741711127152,4.21886232100948,2.48595748424826,3.8886670238824,2.81422546162276,3.99944335034522,4.08406570414312
140,4.65664004643817,3.97098559855266,2.94851977721878,4.79391027402837,4.97317820950535,3.42352243014764,4.47896697610967,4.77115845849447,3.08964721805909,2.8932752697293,2.62218220681886,3.78116748944265,3.58193855259244,4.51789867829562,3.9482575522998,5.01729374886949,3.60995520817182,3.14446436464806,4.7105648021511,3.7333551940311094,3.1826290644042894,4.06309748028956,2.4631820052247706,3.83699338884586,2.81107542675206,4.09270696524619,4.14529539288319
141,4.63102869326681,3.66762040098804,3.15538741677014,5.01005981778859,4.96674341291481,3.1385459417043,4.87126204247927,4.7514743258771,2.96259892081292,3.0816696759882,2.6427585507379,3.78119496426794,3.1551389537769,4.51789867829562,3.94826269149472,4.76417503958766,3.44811017494849,2.93506125195319,4.96160334959016,3.7333551940311094,3.1426741717326694,3.99787205865407,2.39214927274499,3.83699338884586,2.88626627407896,4.00302604195212,3.77849552033634
142,4.63102344878604,4.03732286118602,3.19822853513904,4.81798315526505,5.27042672326064,3.0512662931323,4.77495281946359,4.88241897219921,2.96259892081292,2.94807339335235,2.84604046630307,3.70895632136084,3.14973803245763,4.48756394303557,4.12486706645756,4.76417503958766,3.5451729574641706,3.03853870164073,4.97845312545994,3.46959076247544,3.20040438478623,4.11036226923329,2.53873905727835,3.86385121236744,2.82577025875914,3.92350425030897,4.21902336182197
143,4.49782507284899,3.9603972972183494,3.15352084077885,4.70282468768103,5.22118422691027,3.22121175769233,4.80997941243991,4.88241897219921,2.90703110831631,3.10314521502004,2.81051532148301,3.57821642224487,3.32495830600955,4.63820236827999,3.98154855751203,3.96883268933751,3.41522325323114,2.9118172540545,5.01701025112615,3.46959076247544,3.33270357573243,4.19990994392263,2.51852884181171,3.81460064243835,2.86955343034617,3.97860310645905,4.15034358916987
144,4.6661322228051,3.8862987261258306,3.1417699132463,5.00626171691442,4.84754207928104,3.08951371974689,4.79237828799636,4.58423770131923,3.03987427916078,3.10371859103148,2.81051532148301,3.57821642224487,3.21784600105506,4.63820236827999,3.98154855751203,4.93451239997477,3.53740174969965,2.92710968527406,4.68374048454179,3.56365151044578,3.33269809521307,4.27058141160259,2.46541292799837,3.81460064243835,2.88152392479395,3.45211837790595,4.27955745374888
145,4.6661322228051,3.88630478708518,3.07983069668801,4.87956669166567,5.07785755788854,3.08951371974689,4.63626847715521,4.42459749323336,2.78158062246642,2.94334108989636,2.56164830587313,2.94040537645395,3.24890872464663,4.41680378687132,3.88126027851741,4.93451239997477,3.4750511364393,2.69751511514736,4.75437000650339,3.53642238267331,3.2034973383809,4.16850766761228,2.29142281688744,3.92475943256476,2.8139354355697,3.45211837790595,4.08770207051203
146,4.67922786330568,3.6571653817451,3.07983069668801,4.97749153831572,5.07785755788854,3.43262307931168,4.66871346661005,4.39544249519416,2.8988764794418,2.97539955847652,2.47623215063343,2.94040537645395,3.21493711233125,4.59509513722826,4.15968969696494,5.0052294962774,3.50716553037829,3.17563676220952,5.04969284655468,3.53642238267331,3.2384507850154294,4.32994873666369,2.53094870477463,3.81790898109062,2.83765119110545,4.23461004119345,3.98619911328648
147,4.96946007931416,3.85052400019175,3.15484090238038,4.83198720024833,5.23441948934354,3.22025617462397,4.54299838805148,4.39544249519416,2.8988764794418,3.0118303850984,2.64566153630206,4.11503475373945,3.49514960855057,4.63579500947944,4.15968969696494,5.46652188812727,3.63770150260346,3.06777872730299,4.77759495913056,3.8059705373266706,3.19530103615411,4.0172382148287,2.47355650017018,3.81792841400598,2.84484211070493,4.21555565643664,4.53444926951221
148,4.96946007931416,3.8437085726012494,3.15484090238038,4.73710488351226,4.93351435221144,3.29879395036049,4.7182756106145,4.82271587897147,2.8800330794251,3.02941843509353,2.64568724321042,4.13952653656384,3.15847723327847,4.63579500947944,3.91994321505618,5.18181149318084,3.60991884226752,3.11621010967822,4.79224405119224,3.8059705373266706,3.34514011382696,4.14971198014722,2.40694714446148,3.82792789997723,2.81301033342855,4.05610305859447,4.01194844714955
149,4.67270481592948,3.93410078390714,2.48427655068439,4.75964729974955,4.95403143442719,3.31520595844739,4.69656977543639,4.67032839192458,3.12703697900732,3.02941843509353,2.91153844449266,3.38885882078498,3.2910038880072,4.44366696305117,3.91994321505618,5.0609994138739,3.43830731702751,3.06998552264769,4.77750953791697,3.52021805590681,3.30547230693713,4.1724300597972,2.49783715412368,3.31855675531215,2.89656329211167,4.01430816502641,4.09953722164463
150,4.64301519345691,3.93410078390714,3.49080082124531,4.83717373595155,5.20485580508674,3.0273272495337,4.69656977543639,4.94192229668926,2.83854304985487,2.98120670118661,2.58125984946586,3.77814611713265,3.35807781985752,4.52632805463276,3.94268832713913,5.0609994138739,3.5326063897284894,2.92018285554881,4.78600331916598,3.6720890343313,3.0642495497989106,4.21061733842238,2.4723003045810894,4.07916745484401,2.82647581903974,3.98601852643151,4.09953722164463
151,4.62236774809035,3.79479278227568,3.38058228269495,4.74225690201231,5.07283793996977,3.00730781693187,4.76387650938267,4.94192229668926,2.75722160679617,2.95853720119957,2.65618192750808,3.88232840052914,3.41997808585179,4.52632805463276,4.18534841698353,4.84822964822027,3.51991214814528,3.05428063622386,4.81887188746358,3.6720890343313,3.10733297504567,3.99128367482637,2.44780077056102,4.07916745484401,2.83564192371242,4.06563125289469,4.10304841206321
152,4.62236774809035,3.77958094214851,3.40419804661231,4.7592308787356,5.12636579491849,3.08014807178769,4.7132050535226,4.61237213584204,2.75722160679617,3.0777076759882,2.65618192750808,3.87955325010397,3.1096499891413,3.56288574754777,4.18534841698353,4.92570611419314,3.46528676731318,3.15971780235567,5.18751590650075,3.53266832899706,3.20088713075444,4.30331900777862,2.55839478258244,4.03952450020065,2.82382609533263,4.06563125289469,4.22563978270555
153,4.65078164081267,3.9021412760472094,3.20688351126345,4.77645724386425,5.12143423762402,3.05765986651965,4.83828890929043,4.46416458437049,3.05706024093412,2.99562376312218,2.64297398348875,3.8633247513393,3.35112256021849,5.39660654839165,3.96910011554082,4.83663988479652,3.49641336691607,3.02783001419657,4.91431481924331,3.65793624979442,3.0691372044048,4.17452778520371,2.50571989376211,3.8946512625844,2.85558788844872,4.02863569286828,3.77848988187202
154,4.53688609448109,4.25645807444304,3.19674652176093,4.7095003830811,5.12144190030812,3.20370584867421,4.72735633330273,4.35162717949091,2.96210266429008,2.93915282275385,2.69046933894218,3.8633247513393,3.32862961557718,4.73017047145717,3.84239258754319,4.99443780666818,3.6879221854162,2.96716202657884,4.87745575589205,3.65793624979442,3.0691372044048,4.30352959088521,2.50571989376211,3.95317705454482,2.84835436766974,3.92908902755101,4.35967610014504
155,4.83121955156387,3.58323467815133,3.19675192081554,4.91798363160726,5.26482554074943,3.13972010780021,4.8360123993808,4.35162717949091,2.97614012178398,3.0469414237771,2.69046933894218,3.75409845930992,3.35824372630907,4.73812580419876,3.84239258754319,4.90475651988116,3.66162581831804,2.90209498709597,5.13131955400512,3.60558938707219,3.0713541759869294,4.12416934098608,1.99225749932304,3.95317705454482,2.90969180203977,4.05031889870838,4.16699987223271
156,4.83121955156387,3.58323467815133,3.13636179949692,4.71298815630673,5.04411303773629,3.42249463659062,4.83888196397267,4.83477598891618,2.97948933833875,3.0469414237771,2.58561254745289,4.05413896127025,3.35824372630907,4.82452983786624,4.0462460656038,4.90477867994688,3.6960738562175894,3.03558061357519,4.79650859846131,3.59151821709002,3.34741658455824,4.13380919581796,1.99225749932304,3.8521295060006,2.91107220603576,3.84354739840426,4.35594092533028
157,4.63180712511805,3.6625506292858705,3.2313267748732,4.92829705717119,5.13801966624624,3.24200701908549,4.69326601436634,4.81601261039424,2.94788030988224,2.14638293299093,2.54276992566384,3.70432384349737,3.32667584792755,4.63037125331641,3.68537674956083,4.91382502670335,3.44783457486751,2.94788793105494,4.86687681990146,3.77740574865593,3.5040624044112,4.13789498615421,1.56361759900686,3.85039867178956,2.88875591970167,3.56004972599701,4.28764021025859
158,4.61511067432082,4.0858478059872,3.24653738259279,4.82185960491921,5.00506352802011,3.24200701908549,4.69326601436634,4.58746500063509,2.94788030988224,3.45567646807452,2.71080651132973,3.88513299643444,3.27273889668508,4.80910127699082,3.68537674956083,4.94792703168787,3.6462790717615894,3.20751540692307,4.71467444255307,3.77740574865593,3.50406887604618,4.30091396252138,3.31064997788869,3.85039867178956,2.82681826521045,3.56004478296237,4.1729442443854
159,4.57428673553883,3.6414917769913,3.34596940473747,4.80304554301584,4.96312220662028,3.25300681659891,4.62104012948232,4.58746500063509,2.83357595903288,3.29137430535418,2.71080651132973,3.88513299643444,3.27273889668508,4.80910127699082,4.1735741912868,4.95012366265087,3.39029092530357,3.13583998552254,4.96340102035432,3.7930969655015705,3.16009387356201,4.25004185517876,2.79540714200943,3.80299865554411,2.83274803137223,4.14812589994281,4.17976817796077
160,4.57428673553883,3.6414917769913,3.09326100152865,4.76196776615481,4.57101336862075,3.22472236187151,4.60676749247152,4.69632666632146,3.00111746385685,3.16406196458905,2.47156061471191,3.93059953104662,1.82424242718651,4.45722885495728,3.90553968467209,5.06943980861954,3.48814036532414,3.04948821297957,4.98794697831643,3.25847540817013,3.14482818950483,4.35066431508663,2.77770578946466,3.8978035438228,2.90042424816154,3.9920632385928,4.11261039370863
161,4.47158954424984,3.50533265350561,3.09326610010537,4.7673493892327,4.59065290926677,3.32019440581562,4.72835779919675,4.63444776141658,2.9290704643229,3.06665424330538,2.52639605195496,3.70350956837167,3.77139990169614,4.59658767298895,3.9055343617764,5.06943980861954,3.51499607229102,3.13526918269863,4.56300594170339,3.25847540817013,2.9893541732357094,4.40511726756604,2.45620225575235,3.8978035438228,2.93945121619615,4.15950706733777,3.9976534012047
162,4.7342758819473,4.09223389747704,3.22856528908872,4.69927777475437,4.59065290926677,3.28279238370224,4.79620603037591,4.54831612365733,3.03117498854599,2.98762265540378,2.52639605195496,3.82288896247594,4.08360855831477,4.58982219576785,3.96925000535031,4.7850106320792,3.46914526633275,2.83474133309114,4.99109704389831,3.50443797329647,3.0612087825359,4.28321838691002,2.51879416894874,3.78115994434458,2.90396669775516,3.32642824918056,3.95049716660058
163,4.54769278730613,4.11248423134221,3.2962450452026,4.85811773464781,5.06014623508406,3.15924410397829,4.79620603037591,4.54831612365733,3.03948502490413,2.90971627915558,2.27623201836833,3.82288896247594,3.72408323287253,4.72374976543656,3.86047135286392,4.79513833654406,3.51513133691071,2.78198585123507,4.67275709879772,3.50443797329647,3.11770596497239,4.22659597880142,2.5285600566784,3.80408300164249,2.90396669775516,4.58426879671484,4.4376251620295
164,4.54768726549924,4.01370146178536,3.17270805795518,4.89785098459389,4.8691026643969,3.44035065087189,4.70162401639778,4.33452447853244,3.03948502490413,2.90971627915558,2.88829603678299,3.6862703573638,3.57539807396665,4.48382791725532,3.86047135286392,4.98720311651971,3.53266425660084,2.84734720698573,4.77388231977998,3.75819467722937,3.39021460161556,4.16652974558926,2.55106496795804,3.80408300164249,2.630405098186,4.10520410047924,4.28371321532955
165,4.61780435444731,3.87379747126142,3.25803824526865,4.79050505021131,4.95417701308041,3.20451515685862,4.70486003596072,4.75348432993822,2.95332864710376,3.01220750058478,2.88829603678299,3.6862703573638,3.42710934057062,4.66097245710725,3.91948228121199,4.82301735247212,3.48209554901352,3.00563384234142,4.91017739411866,3.9163224490117,3.39021460161556,4.21265752177468,2.57264257380763,3.80681495511079,2.95573258961111,4.10520410047924,4.06697986559567
166,4.65639478299327,3.94910527697762,3.28030210651505,4.68553945491036,5.11681786666623,3.08562026332158,4.77546733875274,4.62481399514827,2.94008334723132,2.84291307743481,2.83687116890164,4.10332468259126,3.36076579574769,4.66097245710725,4.04507496021781,4.8910952264033,3.54734820723476,3.09816887237495,4.95238137968164,3.9163224490117,2.96558895786217,4.1312248754475,2.57094953862409,3.82623831902143,2.87767872241411,3.98330240497551,4.33982901113437
167,4.59713808569208,3.94910527697762,3.28030781513981,4.82067166641693,5.55124596520034,3.09201493214262,4.75861885043656,4.62481399514827,2.97873743610641,2.95869260771082,2.77937291522496,3.7062806689119,3.36076579574769,4.42950026054277,4.04507997237423,4.8910952264033,3.7166670122391,3.15538162171928,4.81921632408126,3.77789827493386,3.41771128242046,4.2773310877417,2.56622922037531,3.76286843835413,2.75543545043461,3.86683426304055,3.77850513593603
168,4.59713808569208,3.8818864001367706,3.18049795469571,4.93899810580925,6.7879273853949,3.35479032546915,4.70584610709352,4.76773352295196,2.77647697435567,2.98067190430293,2.82708164841963,4.05310898549383,3.3766988009574,4.57356426348455,3.83550028360723,4.93693686114263,3.56986748039495,3.10680457033642,4.85098241272505,3.7663171065538905,3.23422454549911,4.14438890436025,2.47023252545832,3.76286843835413,2.78676996012964,4.06037433619284,3.77850513593603
169,4.58500132681748,3.89187784626312,3.35628080778457,4.80691353831572,6.12085543646434,3.03804872757099,4.86706110852166,4.81549506055393,3.02532762059631,2.96209556446615,2.78686319696497,4.01782844951601,3.43420178554163,4.47412354762719,4.0655446853245,5.01909888290353,3.77762550033674,3.02536152258074,4.95484664904821,3.73500933605012,3.21856207661987,4.36890405122341,2.42055525989048,4.00217964350688,2.78882654665453,3.88422805379304,4.20693861474769
170,4.39285135129038,3.68780358730828,3.23776326454205,4.71255363281385,4.79985997333175,3.28307597632157,4.79752986831927,4.55457687184888,3.09946551774252,3.03242156043425,2.7868900389494,3.48406498248447,3.42263188530437,4.64119727040609,4.0655446853245,4.93311636420081,3.7234809663744706,3.06273322264769,4.82935292608358,3.73500933605012,3.13169175284898,4.13852766803448,2.5469559962709094,3.90290356404132,2.86588693541567,4.03332455239151,4.32161892218356
171,4.52726022888948,3.6878093075999105,3.26050946029326,4.78491026385183,5.06334527938514,3.19892785290168,4.79752986831927,4.55457687184888,3.09946551774252,2.92063809920367,2.59588107245901,3.74303076451106,3.26362669603692,4.58673715917783,3.98747059565925,4.90618548778534,3.57530454680629,2.972773844161,4.95098580559926,3.72706721858676,3.04383734232883,4.05518008425322,2.42309771248071,3.94026755362933,2.88311669905177,3.91801775456587,4.32161892218356
172,4.67235132354535,3.6386610745300105,3.32086220492418,4.8020598166523,4.91175309831516,3.28328392543137,5.01170062917794,3.61807243022106,3.04156924900909,3.01280399532929,2.65484745230423,3.74303076451106,3.6513763338322,4.58673715917783,4.02751296958057,4.90618548778534,3.6338018506788505,2.84046505478992,4.84441461218996,3.79762187681156,3.1615828779667,4.18131228067213,2.45260006594167,3.94026755362933,2.90212168050955,3.91801214432533,3.95619243554977
173,4.67235132354535,3.6386610745300105,3.30016809737637,4.8020598166523,4.91175309831516,3.22475067539562,4.69455618253558,5.64148496188689,2.44234586760299,3.01281028196906,2.65484745230423,3.8535367102821,3.3016551388248,4.41753848165732,3.92996470565912,4.99572882616018,3.51015846296808,2.79303916394603,5.00073162239392,3.79762187681156,3.1615828779667,4.26286208544811,2.49107873287655,3.82706283900948,2.92565613103583,3.8980101261294,4.07008709650618
174,4.70662503511387,4.13767765858406,3.30016809737637,3.04655565699876,5.28807467152811,2.91717712722038,4.64457085092157,5.64147811067834,3.1028723949603,2.93861552534865,2.75474477234755,3.82591440858894,2.97810543147433,4.48713792466658,3.92996470565912,4.72957535247212,3.63345645638906,3.16133794525644,5.04969284655468,3.7622468662492095,3.37030222556477,4.37450809785646,1.84347264086374,3.82908200341608,2.95081041348112,4.0775147511115,4.54972927000933
175,4.61588335647462,3.77895275767489,3.16659398486686,6.07960608909585,4.64016061486892,3.19968829967505,4.78498109412417,4.93044851239843,3.1028723949603,2.95593072439527,2.46043563420604,3.88361024466405,3.29858103100795,4.64784055150147,3.84051827338994,3.99766179947111,3.57299891879539,3.13003662758485,4.88064788746358,3.6831773646005495,3.18747107214095,4.11171289564229,2.72531605600843,3.82908200341608,2.89491753348485,4.0816883511115,3.91796269129274
176,4.42363059068313,3.9383999720724,3.2618366040793,5.23232188883919,4.84691007558607,3.24877689822359,4.96011735142786,4.83583507775837,3.06531273829445,2.91248738135459,2.77618622515464,3.86595277250581,3.37421984132241,4.6939341374383,3.84051827338994,3.99766179947111,3.7655035467194895,3.07041025222404,4.43622229528387,3.72355181053574,3.49187370541428,4.4030887908852,2.7852306317112,3.7765903430303,2.86767394504175,3.94035402331814,4.21532955792761
177,4.42363059068313,3.9383999720724,3.40404401880988,5.10581063208773,5.01704377325215,3.33874967872019,4.75970209678042,4.4672973546575,2.96363927764734,3.05173674235687,2.92567740489819,3.86595277250581,2.62313334942707,4.65663251082704,3.8261688313647,5.6414012230527,3.4681168407191,2.85091509716872,4.43622229528387,3.72355181053574,3.10200976536273,4.09746294075622,2.63279006166502,3.8399593603468,2.836537843779,3.96617981934019,4.2844148350243
178,4.63455975460825,4.11610423991857,3.08353535673738,4.90607797112672,5.11039106546071,3.29413948523212,4.84376581450631,4.73320858384657,3.12171617657168,3.03568452118003,2.92567740489819,3.8051269536332,3.8519406388235,4.63804040835647,4.12283847649254,5.17460358160711,3.39075041749818,2.4751681289915,5.08860277866012,3.68277295953408,3.055970634233,4.3877562881886,2.46812845228362,3.97100062127072,2.87358011527769,4.06992636390796,4.20759785570216
179,4.49103290294651,3.73791357374518,3.27003665248999,4.99093979065359,5.11905337443275,3.05756408951447,4.74297823405552,4.73320858384657,3.05836042268183,2.93554580728908,2.55843758539336,3.66067340158766,3.4702921166562,4.53748217780899,3.90551989008524,5.06305925701083,3.52982286797274,3.1236899872662,4.99493338680398,3.6864082447428106,3.17660570559647,4.35244161887644,2.44632525387031,3.97100062127072,2.94652064019042,4.06992636390796,3.88030689478998
180,4.70484628296756,3.69154878953733,3.24815001737749,4.80532454520157,5.34152229649826,3.05756408951447,4.90181278163258,4.69231098446486,3.04225457908851,3.04159125770322,2.82381161880016,3.83530455775337,3.54152084132241,4.76142459620705,3.90551989008524,4.99366918284052,3.51134869513324,2.8374904914241,4.47708958007714,3.6864082447428106,3.12178946257024,4.20779042442068,2.40059384276546,3.77768814607691,2.87195475165483,3.90099673380848,4.24794149761375
181,4.28765789347249,4.15023535884067,3.24815001737749,4.60479008686734,5.30578171069906,3.21823767099986,4.7009830229787,4.04256257822543,2.97801878465482,2.85724710618472,2.7937424146686,3.8379558536783,3.4662903150202,4.77990407869048,3.95567747207746,5.03244213167742,3.61612824200962,3.2063012423812,5.06751491935593,3.66780097080318,2.70257251657515,4.37813096668196,2.59391063440727,3.83712213225708,2.90361768698872,3.95909382177505,4.47029124034664
182,4.28765789347249,4.05754116163871,2.74533782884943,4.59658737348872,5.50402992687162,3.0445856939045,4.7009830229787,4.67564725383402,2.97801878465482,3.03635886955132,2.7937424146686,3.77007929048123,3.51656895142561,4.52108212033033,3.78640938939828,4.90306638795257,3.59572699325966,2.76243535165785,5.04929952709981,3.58398004372165,3.45082511849633,4.28980664705459,2.52002608669867,3.83712213225708,2.88171889608382,3.20184335382697,4.0663178191284
183,4.60195806166177,4.05754116163871,3.30574915123048,4.86551367818541,4.90483586094363,3.03189821330883,4.8890458206921,4.67564725383402,2.7146907383029,3.03635886955132,2.6068259452627,3.63688465087235,3.25165033446143,4.33574761525177,3.78640938939828,4.90306638795257,3.54316388462955,2.89651852934841,4.53773127076965,3.75700449645222,3.2412175917433,4.3168497740326,2.58192600609056,3.4496970873448,2.81680703760425,4.31608844025043,4.06855867747938
184,4.52979603738805,2.85408666219564,3.25326054165113,4.80684214124607,4.90853028185167,3.41225521334309,4.8744523206921,5.03612556778177,3.10869143368115,3.0233771551732,2.68813953195035,3.71725359780226,3.27314960785647,4.77997986209361,3.83918741763725,4.8760074813511,3.53414772863175,3.01196689376062,5.14301547757885,3.91666025086459,3.17876144290292,4.12345316276549,2.51823351436079,3.91788837479487,2.82584359055446,4.06801290945118,4.20391826243877
185,4.53225381492163,4.61204258754555,3.26027839942752,4.86324355508442,5.03390304591596,3.39008769811885,4.73801070860827,5.04300593777251,2.80579212275258,3.01531640900286,2.67398021618324,3.71725359780226,3.39046306822953,4.56958348104366,3.786012902109,4.79315469883273,3.54536943888158,2.99598531086132,4.98001628573567,3.91666025086459,3.16036208598888,4.32908296531259,2.62703240652893,3.99310133402902,2.84472141341762,4.06801290945118,4.14408475258188
186,4.51563375256029,4.61204258754555,3.26027839942752,5.02901700062737,4.91180545864802,3.21036384571579,4.8361992308247,4.82387941240322,3.06081134868325,2.99629670811736,2.67398021618324,3.81960001388499,3.32879983789192,4.58756508590227,3.786012902109,4.7621272662367,3.58542382401001,3.18960599718154,5.08109516633262,3.6719456340661,3.16473766940821,3.6262038603401,2.46874301697365,3.99310133402902,2.91557670022479,3.91391562301558,4.21865836153599
187,4.51563375256029,4.11475672733775,3.15619745750746,4.9067400497549,5.26971154221862,3.28463345220047,4.80678155662249,4.5698432990357,2.85073478190047,2.95810245742713,2.67673616132408,3.90712957450472,3.32879983789192,4.52425622326287,3.82932726415483,4.93603163839898,3.50317177693635,2.58771947399915,4.77433335747892,3.87318578261443,3.02957205489088,4.66127863451985,2.17900517968784,3.83569352686499,2.82306618009122,4.05104163748159,4.10887739457208
188,4.58364534640514,3.7963657919559695,3.31922876431881,4.88752976790342,4.82759607479491,3.28463345220047,4.94132881535355,4.65365179574959,2.95302301429705,3.00153257990722,2.7483503450126,3.663977056802,3.31520787453082,4.52425622326287,3.82967449365747,4.82655769436976,3.68032706385194,3.1341085580884,4.95186668767296,3.55446772159384,3.15566055164087,4.44582790494788,2.53571970394926,3.52557715114552,2.93118953270935,4.02145142353701,4.17416400013537
189,4.5817606916434,4.12732073604629,3.32397521290292,5.04912842890382,4.73554315505712,2.45533017651356,4.77967596237986,4.65365179574959,2.95302301429705,3.00144915713007,2.5538959200095,3.45754366430757,3.59321862073946,4.59005278307818,3.82967960983278,4.93301849893144,3.54764184664114,3.15213132466698,4.76956628767296,3.55446772159384,2.88617359391199,4.63734916906087,2.49039152388705,3.52557282557603,2.9655998425234,3.73346818271052,4.53459157655754
190,4.57440381164137,4.07966984516879,3.09807458912994,5.05682912431786,4.73554315505712,3.61585737423233,4.77839437436842,4.47707968222505,2.93486344896593,2.93200217494805,2.61915867899731,3.62836371800019,3.35899667217291,4.51977263032601,3.880644850956,4.77839600160139,3.54764184664114,2.90179347735087,4.95306103754818,3.83017089549128,3.0278541308685,4.36526600971335,2.49039152388705,4.1547118706419,2.89082524167637,4.08514840578639,4.37520577432733
191,4.5274907819452,3.88900439096848,3.23768556115515,4.89276700000739,5.20455056718662,3.39976329411232,4.73641098102229,4.70033900850316,2.96749743190922,2.93200217494805,2.61915867899731,3.62839338953856,3.21761717032996,4.51918970077796,3.72995312422284,4.77839600160139,2.20868078922996,2.7179468721893,5.12292941298637,3.7232313527493694,3.0278541308685,4.36464316590696,2.55105293951657,3.91717935014088,2.80043339509938,3.96802196557184,4.42575555584905
192,4.5274907819452,3.88900439096848,3.23768556115515,4.89407339086691,4.95722275472471,3.55152412047519,4.77840178195128,4.73065156869306,3.20482632553344,2.86468627696324,2.66047166807387,2.81068279352604,3.07605548207117,4.75740562331429,3.72995312422284,4.90884321455145,4.26293830417416,2.70577019494679,4.80042015578696,3.6381502699478694,2.29665326247104,4.43985768308465,2.59250662910394,3.91717935014088,2.73334633720885,3.9183310779101,4.33624788953807
193,4.46239186131661,4.01512673910903,3.06211638931759,4.83073249413604,5.1263344130015,3.30821176361391,4.79991268129103,4.74729305797615,3.01103240500437,2.98039883611658,2.70027186773588,4.28381172716479,3.35282480323745,4.57751211498677,3.82003615548381,4.77310610993924,3.86568932850306,3.17072587379367,4.80042015578696,3.6381502699478694,3.81244074476827,4.63649855059488,2.5674105056134,3.81049965606022,2.8198824097207,3.9183310779101,4.23116444762313
194,4.45277847578887,4.04638701520442,3.31796298801597,4.92560655611747,5.01481196306684,3.26718489515969,4.78435709886029,4.74729305797615,3.13731858637703,2.81648876139114,2.59384597291712,4.19419970263711,3.37006993103094,4.60133030118831,3.66239723848608,5.06654426130671,3.64574666449927,3.03212501813636,5.09735955400512,3.72016761363492,3.41838491451733,4.44523368753589,2.64701915429476,3.85377695878352,2.76572926060973,3.99197252278459,3.93822355497687
195,4.43757172128837,3.6965211194135494,3.09288464639917,4.93116195805617,5.01481196306684,3.26482614725249,4.78435709886029,3.82923385840554,3.13731858637703,2.9646260484629,2.61748923984367,4.16424101671656,3.62355725131449,4.85248490545938,3.71383022429573,4.79561884476782,3.56984173141826,2.61551705619695,4.80899664187537,3.7063760240360506,3.3915955201112906,4.47909297425668,2.5979914852601,3.89611528549837,2.85248797918801,4.00035222331814,4.41550064500873
196,4.43757172128837,3.6965211194135494,3.3041362823102,5.00199810580925,4.94408176855169,3.13025856130644,4.83094494162866,4.88271814098665,2.81923824807532,2.96147718094216,2.61751501184119,3.66653754486954,3.104546339921,4.48282305796444,3.71383022429573,4.96597581237044,3.58664306863717,2.64255606654025,4.82546137108173,3.7063760240360506,3.3915955201112906,4.3297903021483,2.46996696482448,3.82399783914468,2.16926172645392,3.87810045809005,3.99012358442441
197,4.45075544129436,3.9966170190747095,3.29709686138306,4.91978557822896,4.9034330020991,3.13573589895856,4.53713442723844,5.36441733978723,3.06952046548833,2.97870872394023,2.76749187453466,4.16813149515594,3.35033088015447,4.63845500545938,3.71070551347997,5.09279218284052,3.6749501686371695,2.87366941742106,5.1065590439837,3.77490971367014,2.8869423217736,4.45093402844149,2.39328143324834,3.82399783914468,3.13029381505562,3.93989127827575,4.03437125540163
198,4.53291941608042,3.69704931202278,3.29709686138306,4.84263822181011,4.84265061307136,3.00453684590141,4.86638167385528,4.85835554176621,3.07397679170943,2.97870872394023,2.78818897396003,4.16813149515594,3.60622568621353,4.74174175022718,3.83370510901058,5.09281546902617,3.61384096555793,2.78523449328411,5.03849555400512,3.6762719485258706,3.22927548426639,4.40012030396557,2.39616567050623,3.12839582331361,3.05946910836856,3.70575745853739,3.77730685113584
199,4.34865787668464,4.27810292368082,3.14865590766424,4.84216699030074,5.07276862626545,3.35310314937904,4.8742273132792,4.85835554176621,3.06795332177634,3.12454206749446,2.73169738226953,4.06779237289901,3.6374680369504,4.41654997592575,3.23497665443456,4.7996716068884,3.47420839057139,2.78523449328411,4.82228237118245,3.95519735762538,3.13959676600404,4.360830766698,2.27436328739774,4.23558687508511,2.97933762987817,4.10886833320622,4.408063793516
200,4.29288100511142,4.27810292368082,3.11975670986754,4.94682113740292,5.19623771449677,3.35310314937904,4.81382768681581,3.60884806196246,3.1283700285811,2.98582184847465,2.73169738226953,3.73596914332142,3.6374680369504,4.41654997592575,3.23497665443456,4.84329070868468,3.5650209771357506,2.64906378150151,4.99747481924331,3.7949037317077505,3.13313069768894,4.07372748149668,2.5413501825423106,4.23558687508511,2.95597141341762,4.10886833320622,4.35709511574648
201,4.29288100511142,3.30451419581049,3.30238205248999,4.89870412431786,5.51167099388103,3.17016908265754,4.77443184832532,3.60884806196246,3.19843224425084,3.07163859285969,2.65871354551506,4.09200197541319,3.40094668456384,4.73910221337521,3.59774633655027,4.76823058788045,3.29562529137637,3.34573561899527,4.92517977508321,3.7949037317077505,3.37250067539937,3.88310831466815,2.50831627566464,4.03091190653982,2.85837889634029,3.89586110084153,4.33473828524167
202,4.62698219414187,4.21933019816049,3.13193599342836,4.92509187466369,5.33671044933739,3.12688244298342,4.72648533934224,5.73397306862354,2.92721625671207,2.96978760014558,2.65005358960013,3.93850965285209,3.29849080239285,4.81578607924857,3.51710490335559,5.00545227734949,3.47450116978317,2.69323216798051,4.94826456035524,3.76422054199259,3.11873906708213,4.46897126122077,2.52134805435381,3.91535056770911,2.89755744322638,3.69189783638126,4.31987242760796
203,4.51711283334691,4.16104871152576,3.22231376216286,5.02579681620589,5.28992461570505,2.99453744298342,4.80678099886202,5.12104149784906,2.92721625671207,2.89958404117828,2.65005358960013,3.8584415642402,3.47049819201026,4.63295261337521,3.70367755276071,4.92277169768006,3.63231614831213,3.33300550112525,5.14083016179341,3.82222417863048,2.95677923965972,4.52079115872321,2.49455652997306,3.91535056770911,2.86920859880838,4.17042463375513,4.2580361586022
204,4.77683741674066,4.24009167313675,3.19347651262805,4.97818815630673,5.34135345980452,3.51477086676498,4.91629314846815,4.97263807892175,2.85796656394621,2.88165945241046,1.80435239110614,3.8173901642402,3.34598039750095,4.65758220530701,3.39477442213868,4.87451311448366,3.64249031328322,3.33300550112525,5.12149786017547,3.4193962930530506,2.74659570898297,4.39339752754169,2.48868868582686,3.84550002141274,2.8556126889831,3.98890338416319,4.43356191193204
205,4.77683741674066,3.88915631734598,3.19347651262805,4.8619774239862,5.52521172278231,3.17449503897146,4.68864419965496,4.78065748793964,3.15206095547709,3.01801388111754,3.16324897358176,3.88984983815391,3.24159009030128,4.61211463028498,3.3948050261386,4.87451311448366,3.5486503779995,2.81854777730958,4.80162066908099,3.4193962930530506,3.21046664146754,4.48066631114399,2.4423905075554506,3.8568097294002,2.7743009139489,4.00966105750003,4.36382334526173
206,3.04124321192474,3.96402751488094,3.06266797608328,4.91357927730545,5.04880520854244,3.12456861799864,4.78554197849733,4.68901355067104,2.83163429477233,2.83065547498277,3.04181630397104,3.88984983815391,3.5061582382999,4.67810626221848,3.4023661524597,5.1728836528319,3.13665407510157,2.6378182811879,5.12014792608358,3.58363666129099,3.23530575902106,4.37596963615323,2.4423905075554506,3.6948634169118,2.83629091236854,4.14851718480935,4.38350658881737
207,5.71544278536603,3.9640336320673306,3.10225689866408,5.00417482128063,5.48039084672132,2.9930543692323,5.01469210254163,4.43246875264424,2.94273016775884,2.77562626369607,3.04181630397104,3.87894005032402,3.40073391236575,4.72334563112449,3.84173066782729,4.84401494915912,5.084469549128501,2.67864393568357,4.97115204241123,4.10580031339149,3.16117356630816,4.29313433603136,2.03645947099676,3.74209283943716,2.76591611071321,3.89181409303726,4.32984096795564
208,5.7154358617573,3.93127530708298,3.11458926846915,4.80066517474153,5.65238069321045,3.29854038481048,4.99485309141238,4.43246875264424,2.98200288969221,2.93179678410141,2.79229891149911,3.58992383536156,3.18737576792502,4.73368597419047,3.51065256673338,4.77480187634226,3.6533512608257706,2.78990914467974,4.88631725037005,3.72120186844157,3.0979682614078694,4.3963792637889,2.71578739081104,3.74209283943716,2.89829573325693,3.89181409303726,4.5532034170207
209,4.98645090681642,4.05784673491942,3.18516669430647,4.83056950805462,5.49167692392013,3.47488721909176,4.758691719756,4.60952806449175,3.10564569783761,2.93179678410141,2.71581832209104,3.88138033899967,3.4960518241563,4.81136629537845,3.42692870939198,4.83428303494052,3.4171014162596,3.38603631830198,5.15101872706888,3.7852739474349,3.04088993277663,4.29912080620823,2.71041804810649,3.79051699602491,2.83489530459477,3.88260622105848,4.23856893750254
210,4.55637111078997,3.76354345139618,3.38291276061126,4.86527151181278,5.54333504952038,3.37115248242266,4.9237921374852,4.81576966612168,3.10564569783761,3.0350040714008,2.79036078932998,4.08074233454592,3.25564126760534,4.61715153912935,3.42692870939198,4.94744619726886,3.56851126369157,2.61796430035919,4.99059560758308,3.92844089344959,2.94695600605775,3.75013890882845,2.75150009329047,3.88544870877101,2.82800773870703,3.94967454987936,4.27498917828115
211,4.42428884218775,3.91439548612998,3.23245206924921,4.94752387959201,5.41830571066342,3.12566656409699,4.94487619572878,4.74342770253195,3.08275338789477,2.90913077746814,2.73372396661414,3.94010461719801,3.30268380590546,4.65419224058412,3.16753154426838,4.94744619726886,3.49472646367897,3.19411919468647,4.97690596071479,3.92844089344959,3.08050349808885,4.59098371355137,2.57272055034337,3.6822202636485,2.76776336261053,4.02750369254892,4.28257031194706
212,4.40703634064556,3.91439548612998,3.18384493666717,4.75696083201819,5.20160805573843,3.15424564502138,4.89596293248304,4.71957293404997,2.90663656275559,2.89879877705635,2.60196689683791,3.6639167850017,2.94514584380496,4.7232652103721,3.85044471838234,4.98922413074478,3.59697700988989,3.15528215655206,4.94570596071479,3.88692472318411,3.16253509439411,4.41614048621703,2.68005403136428,3.6822202636485,2.81459237736907,3.97545519636661,4.1469036953368
213,4.42198593728776,3.8464010763585894,3.18384493666717,4.67104771175612,5.30407619237112,3.16514894733596,4.91637867385528,4.61238000965794,2.90663656275559,2.90394638447766,2.60196689683791,3.74645960149575,2.94514584380496,4.81902386220517,3.67257885050481,4.87634882953853,3.7685817107591895,2.68685194414966,5.02345380559926,3.80829923921148,3.0963200697251,4.37534296541566,2.58811608384073,3.46490256976593,3.01240986797255,4.01249720757599,4.1336443103422
214,4.42198593728776,3.6229162883958894,2.93453488713648,4.98843830213159,5.35073246685605,3.36701967669593,4.93079925730638,4.68506009199638,1.90845252499702,2.88007518391372,2.81417129542237,4.1339665920604,3.47860251180805,4.76733396261161,3.38022276838583,4.75538329602576,3.5074682869108,3.21610379838756,4.82794736107433,4.01227362985063,3.28412692546222,4.26611248861531,2.58811608384073,4.06727098619862,2.90012417015348,3.91433797990672,4.41946741407055
215,4.56953205628745,4.02786869255773,3.24700127066383,4.85382878805729,5.36999883472785,3.213686692747,4.89220394184361,4.68506009199638,3.81319831556149,3.00720059285969,2.74818056297872,3.77656224026371,3.5151543280117,4.70946416724468,3.38022276838583,5.01221027802451,3.55766736443512,3.25833741611878,4.95786456035524,3.8114770960623705,3.09213711815363,4.28857876412706,2.39820801262135,3.97684589211271,2.87444732271375,3.92987215399407,4.45820176815577
216,4.39325315291454,4.13922377045977,3.26326614252856,4.63479830213159,5.4355571070154,3.21007533789298,4.93154419572878,4.47758321673257,3.47325456458928,2.88729920816482,2.66729776732469,3.59917553743933,3.39734783049949,4.78349075857896,3.41730207707652,5.02827998466399,3.49554171371552,3.07976636494285,4.95720577831115,3.93713823414414,2.87293423863887,4.04243468160338,2.49833527008987,3.92443771815013,2.85451790869514,3.52814171861932,4.41128538876341
217,4.34031220301486,4.23330299379593,3.22548257783096,4.69146716128507,5.31119522070838,3.25499809111075,4.92288942672589,4.43510312362502,3.34414177569496,2.96035184847465,2.78906367040423,3.7827772448211,2.87347212543757,4.53134587645813,3.28015322813592,5.10190663934485,3.44760822130525,2.56395023800245,4.81401127069786,3.72421915794792,3.1353256024552,4.49581888346153,2.47341967347365,3.92443771815013,2.93582965862661,3.52814171861932,4.29113587517688
218,4.28511803974824,3.44719364977621,3.3768869535657,4.79717223400524,5.5612518273502,3.14521813907254,4.8380478552193,4.6886858488516,2.99758541385207,3.07516050543012,2.78906367040423,3.84221414063761,2.87347212543757,4.81935544131099,3.64949279527968,5.0463502853351,3.50617932659766,2.56395023800245,4.72036653539174,3.82706174531064,3.08228154454393,4.25969335642418,2.58624070103505,3.80504804036385,2.83511552858458,4.27631018881602,4.33092037517688
219,4.64227584216009,3.44719364977621,3.02222193700786,4.87298095511918,5.55069803600004,3.01592401711586,4.84513535144118,4.92968829573478,3.04197651500782,2.94824404720539,2.53565845366537,3.95948616662624,3.59748366907195,4.92669195317244,3.489673687784,4.77386751006344,3.15755452197166,2.65024619227012,4.96463334959016,3.82706174531064,3.4480022920871094,4.42939970315682,2.4919916739024,3.79887879067544,2.84505385648184,3.70655403207133,4.37658633240682
220,4.64227584216009,4.0745143493063,3.02222193700786,4.78423395805617,5.52296895837315,3.20107793631189,4.95035713057305,4.84859881278425,3.14071859158922,2.94059250543012,2.52924795874623,3.89426149618568,3.56644586420901,4.77207242744505,3.489673687784,5.05555371273603,3.4454022153656494,3.20658083318331,5.02233037874074,3.88958376536022,2.90633190656017,4.26280355951041,2.58063534679656,3.72951364615587,2.85076669434915,4.09505374031054,4.40560715586162
221,4.3793518764308,4.03673103622004,3.2759122712934,4.90858491997999,5.38159575865828,3.22141193274338,4.75846615414291,4.84859881278425,3.14071859158922,2.94059881520427,2.63546033889087,4.07921546752266,3.25186088957665,4.69210448556969,3.41753752141451,5.27524288477437,3.39695897728984,3.12911401076517,5.26144840203794,3.85145451418414,3.19748118007077,4.54199730609718,2.4308172908048,3.72951364615587,2.83536090195022,4.04852785111309,4.39236493111367
222,4.51053462500368,3.92335618693028,3.37212443657294,4.68009585226051,5.19254086755894,3.18059951641713,4.7948508824325,4.80640063228789,3.09705384065324,2.96349921738311,2.69345635807881,4.01426319731277,3.49854339794562,4.69210448556969,3.19704279258798,5.27524288477437,3.56301070574469,3.09251847648305,5.28275433894668,3.81982508382705,3.19747488918765,4.23485417939056,2.46350795348522,3.8415162768049,2.86518857486997,3.89087321835955,4.25709152291302
223,4.38033708782873,4.44013047414042,3.19701353153221,4.82534831548497,5.10405748939609,3.18060619427114,5.03262291138156,4.81756040721787,2.93625027178414,2.89896996361255,2.69345635807881,3.7262983421324,3.45601416639335,2.82444965484073,3.07764336145729,4.77935506074477,3.28392763741947,2.53541901157617,4.82110587589548,3.73886652903837,2.63474064300162,4.4972272333948,2.50015603424587,3.86603711073384,2.90165046654461,4.02380501593199,4.31186588542925
224,4.52206518023594,4.09621519649702,3.10051960761266,4.76084214646485,4.43740190212207,3.09734540551284,4.83772479415647,4.57565046386397,3.27303139467278,2.90419012214819,2.68181488981814,4.07586514289021,3.52622912623786,6.15418669290904,2.9924034219147,4.96246381533947,3.28392763741947,3.10553486654262,5.23543464280184,3.7619825465694694,2.88151511086406,4.27897353169456,2.53871892204486,3.74142333260668,2.83919327057836,4.11989235857989,4.4673559469115
225,4.33535366360048,4.17254566997318,3.28710581032805,4.8721014832404,5.52885614037214,3.27771665552358,4.97611378726085,4.76579896960651,3.25291603192913,2.52017940121804,2.81744278580912,3.64469052067014,3.36113412239045,5.56765575133882,2.9924034219147,4.99173532619514,2.02234552547854,2.76287471621041,5.0351767919552,3.80895608115891,3.11859309083073,4.35166426080284,2.50222921826925,3.8404047022555,2.86909920434355,4.10261439585435,4.39789362263166
226,4.33535366360048,4.05693396520673,3.28710581032805,4.8091774239862,5.52789803412797,3.1162350222038,4.80960860977088,4.05832535611217,3.01224523918087,3.16986513418846,2.8169554819608,3.68558997278609,3.39162368936413,5.12079299584067,3.63689184966527,4.86674151273603,4.48012494169408,2.4903125362382,5.12132501796541,4.010627000454859,3.27162816254965,4.31633734585748,2.28118871893353,3.85646706817919,2.8958685572713,4.11007411962977,4.45928658881737
227,4.5694837591351,3.8216191216185,2.997488914202,4.76628704193389,5.45040208316283,3.00993711432092,4.95538539863953,4.4914309971404,2.9659639351671,3.02330305017722,2.7402989749112,3.83349128657364,3.50111212471617,5.03306185539962,3.96416875559636,4.90619094695893,4.04744633662221,2.85668383822673,5.05886512421012,4.16972472279939,2.91705974898368,4.25449530030345,2.69684920838256,3.85646706817919,2.88932563994994,3.83410096715827,4.4585529433645
228,4.42493862398575,3.7370542826886495,3.21044617629276,4.7629920497549,5.41397744993605,3.13140627985739,4.84205951554859,4.89744779743623,2.9659639351671,2.91220320816482,2.62697049607889,3.99226149450708,3.29463985235706,4.84035324046163,3.02640136581172,4.85557410857103,3.7754309932982495,3.12125786868595,5.07555966708341,4.1388856081405,3.06622765434111,4.3197280581919,2.5662062577493,3.27034847586867,2.9566558676919,3.83410096715827,4.48244286038962
229,4.38395598404612,4.10577549893629,3.36883673187539,4.88346267083246,5.51121102674665,3.04651565805566,4.86065945016455,4.73886695581528,3.05798680922436,2.86628398550184,2.62697049607889,3.85811812387391,3.30459154101391,4.77773284673646,3.26302572710198,5.05871056211448,3.3944454323589106,3.08098434795011,5.04133913098787,3.7740198680909094,3.36732856261874,4.45830250641965,2.6628476347698,4.08620508509293,2.8515862011613,3.78846915825863,4.2353862168203
230,4.2762628408973,3.9556789989491095,3.17152138536593,4.95088438073837,5.40822049632726,3.29020971191506,4.72444743358867,5.03864649716742,3.06277492405633,2.86628398550184,2.80510516158995,3.77848455365932,3.36234364101391,4.73174747586942,3.26302572710198,5.00560767727003,3.26993476898211,2.43337081857966,4.85825305258413,3.8539128575989094,3.36732856261874,4.31586572627731,1.82736988950949,4.08620508509293,2.91957847926903,3.93694496225633,4.33144496094958
231,4.40097897890428,3.9309187058731494,3.30844157603885,4.8472500589678,5.32744091793392,3.42815321336239,4.70556164569705,4.99516335487446,3.07570720525765,2.94292876914632,2.13082573997656,3.93118608817672,3.19722335075278,4.85389382003394,3.28089820568432,5.05787224554442,3.44374383032044,3.31559830639558,5.08044924528756,4.08186089987106,3.1719554493465494,4.71862301472691,2.61772722091132,3.80988193939278,2.84511208651403,3.60806064442816,4.40399534564615
232,4.48996317586863,4.28818306145452,3.15278150299096,5.1066646935513,4.97502775179287,3.26858903500648,4.89576549712527,4.99517002132184,2.98461025786713,2.90347688624596,2.96918634130815,3.75069376885542,3.24624807932459,4.82353027302949,2.78057871239949,4.87403080973091,3.60669611874078,2.99528785504967,5.06437058669955,4.19977266759435,2.91488038517056,4.49060099666289,2.72497702714755,3.78388231533718,2.25937739497299,3.80310114606219,4.52814280151687
233,4.48996317586863,4.28779777164619,3.08292950685212,4.82680736551771,5.44976674389506,3.20554548637331,4.9584939180414,4.21485166189687,3.06925594651967,2.92260289593251,2.9490851827971,3.7537332452613,3.14125059974815,4.54952763714426,2.90327703963059,4.95940970137408,3.50084946486042,2.99528785504967,4.9717986035845,4.09991130401005,2.96874360857812,3.92746459332276,2.7917390734281,4.01319872410714,2.97992879813259,4.08103504101572,4.42513203822382
234,4.5292337638785,4.14189169153932,3.20531773898695,4.89917982352434,5.51797420903134,3.34550203793847,5.11676706938834,5.2485364136501,3.09495796527527,2.93589129349885,2.90623429620569,4.21392431073195,3.89999186503823,4.95833278092534,3.59304452604452,5.32263184060013,3.60235949583413,2.46570721585971,4.96404720203794,3.9488971967226094,2.45736238668688,4.61037369895433,2.61943998114153,3.98858038395575,2.85195215565064,3.91077386417673,4.35852178300225
235,4.28324452818042,4.18086716733933,3.31335017603885,4.75704103509137,5.23758823599788,3.12261731850362,4.88295559807164,5.10764836692071,3.27539266641635,2.98954506942214,2.86186035601703,3.97766618018395,3.63211152982675,4.82512460820067,3.59305033887258,4.91978575817162,3.53370037472616,2.99639214458854,5.13294519220661,4.00702171033948,3.39344429303038,4.44348660118025,2.63572024192246,3.86536861732708,2.8309172307392,3.93219464299351,4.38820664106549
236,4.39363553850759,3.36812730495184,3.31335017603885,4.78442228508602,5.60161929224749,2.77502206138345,5.05275578413295,5.05060640484269,3.27539266641635,2.96491848878448,2.86186035601703,3.95444599296333,3.40982687705991,4.19351549781454,2.77495282266864,4.33741384822032,3.6044860680303694,2.99639214458854,4.96181328454918,3.9301661625661106,3.32286084558602,4.4602064238291,2.67465265708002,3.87526319314768,2.79482631081962,4.03278159485896,4.38930249032424
237,4.20831799159173,4.17525068411525,3.15693013420533,4.74380962094779,5.43650049982771,2.72954433443334,4.74890428321129,4.97355430413375,3.03437264992761,3.01756781161787,2.6654147075018,3.9697942018011,3.35159186503823,5.04588912516609,3.23316567535407,5.22393466599529,3.30482728494485,2.45971799495521,5.45560663548213,3.95479290672426,3.55556301839984,4.32602331068662,2.69248918271405,3.7926923049787,2.79115411233198,3.965369432457,4.1665020747141
238,4.26845701514503,4.13498490047659,3.30506178160876,4.95010475963133,5.24082847548414,3.1086235106578,5.08162376949173,4.65005871941051,3.09171558741208,3.01301308577766,2.65944198018169,3.88235366895466,3.30490299420674,4.93766956593066,3.49442017620715,5.26686019120997,3.36767271795377,3.02889686986708,5.07703623845932,4.08710580045486,3.40037882926006,4.71184157047128,2.62449101958187,3.7926923049787,2.8235718988747,3.92444279040849,4.42843922445174
239,4.21935769331822,4.02091071130534,3.18445667190819,4.76815674216316,5.41715961521086,3.23306001141973,4.92093647218364,3.68640873876557,3.08558961370173,3.01301308577766,2.78949708891555,3.89358680511441,3.43443644953912,5.12463450778244,3.52638286829442,5.1784727542822,3.25975339122687,3.49930905881869,5.13511052396294,4.01120574002023,3.08163311133166,4.68656260832178,2.64153579590622,3.77475765463712,2.7874529883911,4.00139731591861,4.11609552149054
240,4.28674609643702,3.91386023722383,3.1891838207907,4.79700187089676,5.48925601849372,3.4994344966035,5.11125367399109,4.53787122509906,3.23725100925418,2.80618802734664,2.54933374113444,4.11085636526406,3.2345766472845,5.04116469073741,3.52638286829442,5.40106592219344,3.52501613284776,3.0546956364981,5.18526522443352,3.49458989767529,3.07553410932876,4.10045108000092,2.58849109510957,3.93568056351711,2.7874529883911,3.9923662606833,4.34409921755283
