time,p01,p02,p04,p07,p08,p09,p15,p17,p18,p19,p20,p21,p25,p26,p27,p28,p29,p31,p32,p33,p35,p36,p38,p40,p42,p43,p44
0,0.7732549659190309,0.3330961513409526,0.8953018298475701,0.9325217966174023,1.1351997275022452,0.7700078981889718,0.846566930663446,0.7891426209953112,0.5244124764400392,0.5313125406683374,0.8346765248662603,1.009734536528314,0.13720595735121718,1.0808386625761521,1.0023994912553793,1.175698576540455,0.8617345372964582,0.4017353940826654,0.864418222513606,1.0568516019064502,0.51479948277746,0.7984628233502808,0.46931967362646515,0.7356233405458307,0.5508831905390112,0.5502784297975291,0.9658196845150384
1,0.3269899451380359,1.05877433012132,0.815075317493086,0.1911539978500849,0.907976631375085,0.1618670088311109,0.895394095933562,0.815647165510891,0.441928257040667,0.461266884200417,0.380517263756302,0.876026374686745,0.14357880964772,1.24549975226469,0.681751881086161,0.633847407785556,0.169687378548077,0.374988520788343,0.1635297279157149,0.849167597225761,0.456150783258831,0.083362953303987,0.397489363917562,0.1860999494022639,0.2303853037722,0.821230799712751,0.589147990093379
2,0.326987194246246,1.05877433012132,0.0629780716783734,0.172342580561649,0.321016638573402,1.31078732227137,0.895394095933562,0.815647165510891,0.441931183444873,0.571434372912673,0.380517263756302,0.499719936205021,0.760831460587313,1.24549975226469,0.681751881086161,0.633847407785556,0.169687378548077,0.133785540594096,0.1635264334683609,0.874681235177345,1.40655172931116,0.083362953303987,0.368449964910654,0.1860999494022639,0.2303853037722,0.821230799712751,0.589147990093379
3,0.326987194246246,1.98732919809256,0.687646147809486,0.598657929700031,0.999621593551398,1.07931095051446,0.895394095933562,0.507500078306922,0.441931183444873,1.28372752776454,0.380517263756302,0.499719936205021,0.827875914259328,1.24549975226469,0.987116947486567,0.589871485348758,0.7606470488815529,0.133785540594096,1.35222475409543,0.874681235177345,1.54207136194708,1.19322057430751,1.31404126944199,0.1860999494022639,0.2303853037722,0.765543199765185,0.753659634128335
4,0.811955300780276,2.73606318899891,1.56120792924192,0.320264860319153,0.721746134916573,0.6983734051742269,0.4432450483522489,1.19242701275152,0.461391201883911,1.28372752776454,0.324186942933666,0.384798812157314,1.48191171918561,1.24549975226469,0.987116947486567,1.12488563957945,1.43556506086002,0.133785540594096,0.811579546201598,0.874681235177345,1.75357970884863,1.19322057430751,1.35973629464971,0.9837573864956068,0.444863509720391,1.73270425228786,1.45661393597075
5,0.811955300780276,1.98721401967992,1.56120792924192,1.14082869548592,1.12284092435626,1.01742851152295,0.4432450483522489,1.19242701275152,0.461391201883911,0.806835636796215,0.324186942933666,0.249987082714729,1.36241115040727,1.16824946945309,0.981806531780344,1.12488563957945,0.773374963081336,0.133785540594096,1.69132619740025,0.445603891520952,1.52347660220283,1.19322057430751,1.35973629464971,0.9837573864956068,0.716719130570274,1.59840097062793,1.23435977442684
6,2.20439804208448,2.05400440976376,1.59567186750002,1.90880243724332,1.35008776364205,0.858247801433479,0.4432450483522489,1.196327972762,1.15759153497488,1.0427040734369,1.90218110009272,0.103509862345431,1.36241115040727,1.0304518016244,1.02278814974537,1.40893151632329,0.773374963081336,0.275548959490424,1.46705153322,0.445603891520952,1.68648066475821,1.40616498654895,0.621979144664275,0.983760128061775,0.988334842859814,1.17891355988651,1.23435977442684
7,2.20439804208448,2.26747200592186,1.59567186750002,1.36338874763743,1.92323079270984,0.970938631475812,0.4432450483522489,1.196327972762,1.053430231127,0.992473318997582,1.14485577201843,0.699264837522841,1.11584128183408,1.14914730604551,1.02278814974537,1.40893151632329,1.42545102226223,1.18005905961925,1.994126526738,1.03206151760104,1.48172406904588,1.40616498654895,1.39551481744094,0.983760128061775,0.915545961335639,1.17891355988651,1.21883892551533
8,1.59381330171282,1.75750714900907,0.813218958828058,2.0791523769092,1.92323079270984,0.949525529767712,0.4432450483522489,1.7511650214245,1.053430231127,1.2140703481185,0.8350705633938,1.04167540568786,1.2728057031927,1.29165568702942,1.30481170968105,1.35208257062347,1.75320718448466,1.18006703418332,1.994126526738,1.03206151760104,1.59571781080778,1.20593103039006,1.39550940822803,0.957853611577244,0.982768785533307,1.50241127401093,1.21883892551533
9,1.59381330171282,1.94410448457832,0.716206256841907,2.0791523769092,2.26665303735578,0.949525529767712,0.5721617923291539,1.7511650214245,0.777554438362921,1.04621223185734,0.8350705633938,1.04167540568786,1.2728057031927,1.61205096705491,1.32047128523706,1.8464284476838,1.58903093673039,0.570193567159364,1.6723002766458,1.44675849977007,1.33719958830985,1.20593103039006,0.645026330191382,0.957853611577244,0.982768785533307,1.50241127401093,1.25140502007264
10,1.76742303012167,1.49733437820846,1.80012866401956,1.83942671918246,1.69930587925859,0.927249522498676,0.5721617923291539,1.68923487015881,1.26714697852906,0.987492438191621,0.92775121602381,1.08972005405135,0.893493998961158,1.61205096705491,1.32047128523706,1.8464284476838,1.21378537686017,0.570193567159364,1.64173837307911,1.44675849977007,1.35332985216187,1.20593103039006,1.27558588855083,1.42150397138085,1.20428539720239,1.27695221951535,1.21831111374893
11,1.76742303012167,1.5308939754703,1.80012866401956,1.85077197236945,1.69930587925859,0.8878807471569349,0.5721617923291539,1.82297170667866,0.979999117596208,1.45966489131732,1.05567533861356,1.08972005405135,0.893493998961158,1.73115261664742,1.32047128523706,1.73470042195586,1.35992889733351,1.35545557836588,1.53774584394017,1.44675849977007,1.33740228280926,1.06378395496315,1.27558588855083,1.42150397138085,1.25318660200224,1.47820208234456,1.21831111374893
12,1.76742660055339,1.80413079779771,1.29430299230876,2.03029536577352,2.15578363070279,1.02283207797619,1.57440048358108,1.62215170245054,0.979999117596208,1.15124163882976,1.16765123299039,1.05298445399642,1.35926872729079,1.5994218531866,1.27892868093066,1.73470042195586,1.58401143213223,1.35544837042066,1.53776760914005,1.86440045406673,1.47483540753106,1.06378395496315,1.12733909448611,1.53279860735608,1.27175845441398,1.29662097478331,1.2566614574679
13,1.63176549716049,1.74274681421396,1.29430299230876,1.86410440137364,2.16140884571748,0.864978477123999,1.97624394762499,1.62215170245054,1.03712695901486,1.15124163882976,1.16765123299039,1.05298445399642,1.50350006982302,1.83057928852605,0.904570442896789,1.16195785815593,1.30303464128418,0.8905935136645,1.48589685641305,1.86440045406673,0.812199946651984,1.35892765834801,1.23382167763598,1.59450341592808,1.34027357539638,1.29662097478331,1.32905666963759
14,1.63176549716049,1.74274681421396,1.58085749018233,2.02012562492029,2.16140884571748,1.195828430237,1.97624394762499,1.80272846936291,1.12159760771332,0.764635075954394,1.11230187967821,1.74578820882211,1.5035042218464,1.83057928852605,0.904566394767607,1.16195785815593,1.54274890495628,1.40976643482822,1.85491617027809,1.73420990243484,1.54407289635194,1.55111478283683,1.14293655302443,1.59450341592808,1.28693095974216,1.38104392192331,1.32905666963759
15,1.41522082354286,0.9953430877252128,1.28582004493178,2.02012562492029,2.0771394865556494,1.05728612621106,1.91525333152455,1.90372266426631,1.35138995476937,1.28303440098967,1.02432469818682,1.74578820882211,1.40112696968415,1.78145196186634,0.904566394767607,2.25116369634046,1.54274890495628,1.40976643482822,1.85491617027809,1.73420990243484,1.61340365281229,1.55111478283683,1.14293655302443,1.59450341592808,1.39672171941002,1.81344200919966,1.30569632165777
16,1.41522082354286,1.73471661481435,1.28582004493178,1.98058489761965,2.0771394865556494,1.35762685857576,1.91524934347932,1.90372266426631,1.35138995476937,1.55943405300047,1.13618983434684,0.861218219780959,1.79547586053535,1.90170370994,1.76041025956083,2.05717110221748,1.37448713336591,1.65979733671287,1.9772490020694,1.73420990243484,1.67817147414931,1.61912791548089,1.38128770685509,1.32912287717359,1.49905329752194,1.81344200919966,1.2738015845739
17,1.57634630225589,2.49362307902854,1.23707431784748,2.19709927995,2.09860188226186,1.43547344573946,1.44789867062963,2.17118273898411,1.28023920593591,1.62506167954526,1.13618983434684,0.861218219780959,1.79547586053535,1.90170370994,1.76041025956083,2.05717110221748,1.8643308472534,1.48291360993636,1.9772490020694,1.73420657757103,1.64219065932137,1.61912791548089,1.48350372639383,1.85151323458332,1.49905329752194,1.4227798604284,1.27379641588384
18,1.57634630225589,2.49362307902854,1.46664469528404,2.48229810850182,2.09252886928876,1.43546649950494,1.44789867062963,2.17118273898411,1.6526500985211,1.31150424440051,1.3735053310469,2.26242014664743,1.7418102657803,1.69836594125039,1.76041025956083,1.91252071634198,2.19312273557659,1.33879449916246,1.97843154196459,1.55305950427359,1.98911614622018,1.41268704953446,1.34690465219821,1.85151323458332,1.54645908290193,1.80798626571802,1.53009776661722
19,1.78172530820901,2.04257083639404,1.46664469528404,3.05653887450492,2.09252886928876,1.67575074209164,1.55412400877516,2.53799648769857,1.92913934594787,1.77682154081508,1.44787243741892,2.02313809805654,1.7418102657803,1.95804522724262,1.96888662892131,1.91252071634198,2.5441140493288894,1.33879449916246,1.97843154196459,1.55305950427359,1.94384147771588,1.41268704953446,1.34690465219821,1.80070116542373,1.54523674988963,1.80798203683012,1.57630199305107
20,1.78172139071948,2.1133672696375694,1.78887976904489,3.31392197633258,2.6271679485951,1.9995774485907,1.5541278876827,2.67434967683081,2.07288977712115,1.92740369295138,1.44787243741892,1.55774898625505,2.06951540903617,1.95804522724262,1.96888662892131,2.12241211414968,2.5441140493288894,1.59541412832638,2.34572683016758,1.55305950427359,2.24958564610386,1.41268704953446,1.2004197345032,1.80070116542373,1.77164282449197,2.05518205289017,1.86565652149487
21,1.87465142264449,2.1133672696375694,1.78887976904489,3.55332501825813,2.6271679485951,2.09276798204109,2.03276220613984,2.67434967683081,2.07288977712115,1.88276088153396,1.45462287031793,1.94982139661721,1.9680696609044,2.42554034747394,2.20117373416864,2.12828672163563,2.26719438220576,1.66470406437012,2.74720165889197,1.55305950427359,2.16019176277364,1.72871452395702,1.95154027326551,1.91690819627593,1.926321173666,2.00632052654751,1.86565652149487
22,1.87464722590417,1.42059494619939,1.99864671441341,3.49871819966698,2.69406827625847,2.09276798204109,2.03277884886812,2.54599004702315,2.08530147268125,1.90162030821581,1.300868556724,1.88968784935271,1.9680696609044,2.72390528914016,2.2011777730481,2.12828672163563,2.44847136242595,1.66470848117103,2.74720165889197,1.6194908352481,2.31516230308106,1.72871452395702,1.95154568249808,1.91690819627593,2.08083627517818,2.2699948059113506,1.74922703928384
23,1.75333490211509,1.42059494619939,1.66630689115761,3.49871819966698,2.92570758768975,2.19906397897441,2.26779527117774,2.54599004702315,2.12067387254575,1.68033097521667,1.65712188077454,1.30249156785355,1.62194609862444,2.72390528914016,2.49460329077855,2.2540823588871,2.61827354128609,2.0034868197572,3.05319492214512,1.6195074070798,2.34392788699966,2.02622449223465,1.95154568249808,2.02943880465991,1.97698788904992,2.26998961851694,2.04437458548931
24,2.3407734575497,3.2054887666980294,1.66630689115761,3.3807443279700906,3.1905945772714106,2.3157374194650906,2.26779527117774,2.85123636988135,2.17917904950787,2.25729618330449,1.65712188077454,1.35959559772474,1.62194609862444,2.94837669310063,2.49462376365068,2.37699486559549,2.60968524327035,2.0034868197572,3.20881118086809,1.6195074070798,2.39190079343234,1.79669243096358,1.05458878292849,2.02946149667195,2.1512324088182506,2.57240119799566,2.04437458548931
25,2.3407734575497,2.8734862043113494,2.3179015185211,3.37364196673575,3.1905945772714106,2.3157374194650906,2.26779527117774,2.85123636988135,2.08801781294166,1.9781785094096,1.90143196004569,2.10638976380401,1.88470741138769,2.94837669310063,2.49462376365068,2.37699486559549,2.60266022034265,2.21853249036025,3.15128090396311,1.83309201341762,2.39190079343234,1.79669243096358,2.22097077627555,2.28479483465556,2.10769837236657,2.43002630505736,2.2194092293001
26,2.44238547142979,3.55220866418446,2.3179015185211,3.49412776725429,3.43337921084103,2.16385956502474,2.54166288065899,3.36461157710855,2.08801781294166,2.0687918727228,1.71367490601832,1.23813810912355,2.1472172346906,2.83406200292165,2.72884269393863,2.78558950071792,2.60266022034265,1.82683810703036,3.15128090396311,1.83309201341762,2.50448833111271,1.79669243096358,2.3449362623828094,2.35832806485614,2.15248405834274,2.43002630505736,2.37270597868574
27,2.44238547142979,2.82289715518271,2.03033761034624,3.776689889611,3.54253442521504,2.49822253189368,2.54166288065899,3.60250707805448,2.19087639103967,2.18233033521206,1.71367490601832,2.19057826450267,2.1472172346906,2.9954559767469,2.72884269393863,2.52888662051113,2.8658231587988694,1.82683810703036,3.36484952076374,1.83308893305058,2.57011136708693,1.94672591864347,2.33559694355792,2.35832806485614,2.13763172290602,2.6006529859864,2.37270597868574
28,2.4965693696037894,2.82289715518271,2.03033761034624,3.52826654951543,3.54253442521504,2.49822253189368,3.05296060100722,3.60250171159894,2.10301425040536,2.14031156276888,1.84467466997324,2.31924387323679,3.10551265413844,2.9954559767469,2.84021674159259,2.52888662051113,2.6510200373898,2.15946625140138,2.90427265300008,1.83308893305058,2.75903244721868,1.94672591864347,2.33559694355792,2.47803903737317,2.25270848712992,2.53583819237778,2.18414863685505
29,2.4965693696037894,3.2185905097201,2.07965906726316,3.52826654951543,3.66438715478305,2.60709239150132,3.39525019364216,3.4154350628144,2.10301425040536,2.37613910940858,1.84467466997324,2.32969578546732,3.10551265413844,2.86762153283008,2.84021674159259,2.98478003935054,2.9319196178902094,1.9507032695561,3.57551337720423,1.87917657519117,2.75903244721868,2.26338144156589,2.1190656609310694,2.47803903737317,2.22688381008044,2.53583819237778,2.18417564087319
30,2.73910685732602,3.34416838568828,2.07963603998333,2.3106047768528,3.41407203956935,2.44142272384225,3.39525019364216,3.4154350628144,2.42026634500404,2.35881865403908,1.93327577871013,2.32969578546732,2.58148911258217,2.86762153283008,2.84021674159259,3.11980870936651,2.77825125138104,1.95069715673887,3.6500143433647105,1.87917657519117,3.25210829793029,2.26338144156589,2.28562388864065,2.29658053867134,2.28375946459888,3.03381029883068,3.07633356278424
31,2.73910685732602,3.08374345823693,2.35174704098538,4.81188056203094,3.41407203956935,2.44142272384225,2.9761200280755,3.6009312238298,2.59992699480164,2.3146632445772,1.853088506087,2.32969578546732,2.58148911258217,3.18206953687862,2.9904029547933,3.11980870936651,2.90366882170298,1.68463574510928,3.73165758488967,1.87917993496344,2.50221130711537,2.10635052013463,2.30703488069636,2.29658053867134,2.29065592306533,2.94483902337477,2.96316422955515
32,2.85691134984927,2.90257624514943,2.60504138127885,4.53977702194111,3.70626662469531,2.50724574519082,2.97612545562936,3.56270504526687,2.59992699480164,2.08168351869721,1.853088506087,0.964503566464771,2.38121633290617,3.18268569817373,2.9904029547933,2.65940384224842,2.90366882170298,2.4437915572019,3.73165758488967,2.270309506685,2.66410810936664,2.10635052013463,2.30703488069636,2.89085882372048,2.31946111322518,2.94483902337477,3.00544627554714
33,2.85691134984927,3.15599931979171,2.60504138127885,4.23606944639795,3.43248541089913,2.3711929436525,2.97588934828525,3.49783756947298,2.47760886419057,2.61305637977998,1.8554540774376,3.03695031749994,2.56644028446716,3.18268569817373,3.03152889451253,2.65939729272335,2.4911727709965894,2.3909748546817,3.69915634551398,2.27030559170034,2.65117238723921,2.201798269447,2.05258642154029,2.89085882372048,2.33795361026786,3.13560687314609,3.00545414080692
34,3.10949434653971,3.15599931979171,2.78999914407741,4.29893227326751,4.3710440359605,2.37118787977631,3.44188822449973,3.49783756947298,2.47760886419057,2.44143688778481,2.07293612233183,2.91630244270293,2.5664454704534,3.18268569817373,3.03152889451253,2.27465174995084,2.80827567587659,2.3909748546817,3.76469839714742,2.27030559170034,2.82124092689685,2.201798269447,1.96724129155736,2.83261846705335,2.47746215189256,3.01724756633066,3.06180976593384
35,3.10949434653971,2.9066742660566094,2.53490551353817,4.29893227326751,4.2100481707719,2.72009465194016,3.44188822449973,3.77795375446584,2.00887224639739,2.45501968552204,2.07296570728565,2.60216594365055,2.70631703157025,3.10455290081961,3.35261259389595,4.28546950779347,3.22638798540042,2.07910120878269,3.85062800113606,2.27030559170034,2.82124092689685,2.8444438997658894,2.24818911349545,2.83261846705335,2.42058780467666,3.01724226387798,2.9601771376717
36,3.15743271666072,3.12623488722683,2.53490551353817,4.19608041485453,4.21003992825937,2.64358987565816,3.49781555799995,3.7779481397996495,2.86427755752778,2.633294206352,1.996468010328,2.89005293401291,2.76086865473544,3.16535052696457,3.35263864173927,4.28546950779347,2.7275043232742706,2.88187756029275,3.80835437664733,2.46295636259064,3.62616536256896,2.8444438997658894,2.29396994490118,2.74035162904463,2.41478354455999,3.19112701812776,2.9601771376717
37,3.15743271666072,3.41918507955027,2.69063195412625,4.27779260382299,4.16665259975831,2.89038019136797,3.95603325227438,3.67464136444727,2.71176374855716,2.51776332607687,1.996468010328,3.257666726982,2.87938980815616,3.16535052696457,3.35263864173927,4.09290506024244,2.85193312683774,2.39762405921572,3.69916781637773,2.46295636259064,2.46247678764334,2.39223954387242,2.33750271120437,3.32579341900702,2.48951066737219,3.09058069098503,3.06392317323003
38,3.23527958114634,3.41918507955027,2.51741746194691,4.02405868811789,4.0460060097532,2.7486802168263,3.95603325227438,3.77060688052402,2.71175749931415,2.46951782258365,1.48701018932845,2.05604218660611,2.70756542460411,3.30890062344577,3.25690609683895,3.80071282873714,3.07527389096298,2.32607813897313,3.69916102295474,2.46295636259064,2.8810277385975,2.84395204917166,2.33750271120437,3.32579341900702,2.59140915466723,3.09058069098503,3.2559081403048
39,3.23527958114634,2.32940505273666,2.51741746194691,4.19443801975695,4.32805967567749,2.7486802168263,3.6476087050163906,3.77060688052402,2.77002994803982,2.50058139591021,2.5732924022736,2.05604218660611,2.70756542460411,3.30893283487141,3.25690609683895,3.80071282873714,3.38816051345031,2.74362023390801,3.8493500867963895,2.70413244777345,2.56163804552594,2.84395204917166,1.50069131361851,2.94728561322594,2.51635864747704,3.01213554071412,3.2559081403048
40,3.23070363264071,4.25219704647038,2.75365817552781,3.92800048626218,4.06079896415837,2.83936648738864,3.98242953526476,3.6772963552906694,2.88115856364539,2.60564607002259,2.15129497129292,2.97966207899493,2.64279078814875,3.31855799845844,3.32867056869246,3.53614588108929,3.41544691099268,2.74362860044957,3.7979886896037,2.70413244777345,2.56163804552594,2.67820763305521,2.74212557943293,2.94728561322594,2.62245579873015,3.1456141111343,2.99796706618349
41,3.23070363264071,3.38536481979171,2.75365817552781,4.15870724765444,4.45665099573035,2.88879748988628,3.98242953526476,4.01433043230993,2.95549278370166,2.65338742897707,2.15126668849308,3.01551334771905,2.93671472406303,3.31855799845844,3.32867056869246,3.67385820033494,3.2396912592379,2.49223679977359,4.01894132150166,2.70412834827174,2.41231885400857,2.67820763305521,2.58277465563343,3.08894346823098,2.68894028566564,3.14560861453579,3.23331115074941
42,3.29312044039157,3.51900940838724,2.54808117686486,4.14532830052942,4.45665830200004,2.68589098680678,3.50526524762823,4.01433043230993,2.95548684799216,2.64550842096287,2.1559654600543,2.81395064592126,2.90573571200652,3.81217156371693,3.32867056869246,3.71440438439202,3.09052417344278,2.35819557822526,3.9441707447219105,2.65260068294124,3.17872341609351,2.62974089605392,2.58276843822178,3.08894346823098,2.68341514010922,3.19030769954564,3.18980737034314
43,3.29312044039157,3.41786195613625,2.73838139941314,4.14580503561404,3.95153375695169,2.91469250793115,4.15914380372983,3.7824909129962294,2.78888835678476,2.76381470880947,2.33731287444661,2.94097354659532,2.97007338281317,3.81217156371693,3.43093753389571,3.71441216601718,3.02038427601098,2.44101917111421,3.78342682968946,2.65260478685097,3.26120615045387,2.62974089605392,2.32167339055466,2.83477164072342,2.62189700900431,3.19906994494603,3.32785240102511
44,3.2885764579076,3.60019704044374,2.73838139941314,4.20347465374992,4.63030621191044,2.91469889321307,4.21953857612159,3.82715798377394,2.64694343410018,2.59083429082362,2.33731287444661,2.99974275459208,2.97007338281317,3.59112169272749,3.43093753389571,3.73471694853156,3.11087466600939,3.10043999823002,4.08626671238822,2.71114449658807,3.01078508896372,2.51858168634339,2.45212441098996,3.31241712477327,2.53987831294036,3.19906994494603,3.32785240102511
45,3.2885764579076,3.48596077405,2.78611174279772,4.11555955033156,4.54064207221584,2.945159598554,4.21953857612159,3.82715798377394,2.68031934853352,2.59083429082362,2.13078545293156,2.75944865838864,3.0676357047303,3.68806124837586,3.30002696215936,4.03265938948834,3.06912630208204,3.10043999823002,3.8872089830419094,2.71114449658807,2.97045168946646,2.87616751445444,2.3099251302770294,3.31241712477327,2.71412506801648,3.3363684302694,2.90378854718981
46,3.40836725818379,3.48596077405,2.85557001970428,4.28529733965493,4.46746852441005,2.69916014411427,4.10436570250078,3.3509412848720106,2.88430348533989,2.80836757924521,2.1667132380949,2.75944865838864,3.10515686312648,3.86472098478036,3.3000313063307,3.91748598934819,3.18220775479358,2.36335602688038,4.06464919360581,2.83355871704681,3.6030861215184906,2.87616751445444,2.11192264918642,3.3584625263164,2.60333833076693,3.45166375662957,2.96276603948254
47,3.40836725818379,3.28233563671756,2.85557001970428,4.16387702869313,4.523038546416,3.0519184814899,4.28783981784819,3.3509412848720106,2.88430348533989,2.68976570995492,2.33435285093122,1.64134068994515,3.08823321581295,3.86472098478036,3.3000313063307,3.91748598934819,3.16784873546959,2.29881539299407,4.06464919360581,2.83358393966971,2.93791276154033,2.92189229897656,2.3136943740602094,3.3584625263164,2.61869831083707,3.39394620673157,3.13709321208602
48,3.26632731349398,3.18815539516185,2.8908647692156,4.34993772770671,4.29598514529333,3.0519245331340894,4.06934643474758,5.00709701112963,2.63630278827885,2.84816126789848,2.33435285093122,1.64134587303567,3.04497525066804,3.81837058843193,3.67229408841348,3.79878648467639,2.9380029605888094,3.21037196914213,3.86845511760492,2.83358393966971,2.9270122152792,2.92189229897656,2.3136943740602094,3.35148724671898,2.6333578582384094,3.43459996586349,3.13709321208602
49,3.56382873121849,3.32881647346424,2.79179400271527,3.9399180505243305,4.29598514529333,2.92905344411556,4.06934643474758,4.42749025038993,2.66826616949344,2.73474866802616,2.51904742063786,3.45932359197362,3.04497525066804,3.86331645370262,3.67229408841348,3.74188066156695,3.2766092130645,2.65241301813259,4.06738284922354,2.97675277147725,3.14206610568581,2.66446449863048,2.47959163358758,3.32254184678266,2.65058178990339,3.43459996586349,3.16933623722976
50,3.56382873121849,3.2100998015706,2.78764030651868,4.25181496209034,4.26949522579975,2.94854428626106,3.85922293618256,4.36457768891979,2.92550711862689,2.80782623859536,2.3185495199604,3.63398434797667,3.15545353982085,3.86331645370262,3.59273193362761,3.75457050221645,3.11193678928813,2.65241301813259,4.26130143263237,2.97675277147725,3.15435827251697,2.66446449863048,2.39082894115984,3.32254184678266,2.64574695943034,3.3785407327492,3.29729189575685
51,3.8151226795670494,3.28073496570969,2.78764030651868,4.22700857068343,4.63370374821097,2.92489655619596,3.8474676642832506,4.36457768891979,2.72554890851479,2.62293101658755,2.3604515979743,3.54720197935401,2.66287790491047,3.76283155890059,3.59273193362761,3.75457050221645,2.63963753230453,2.27886207289899,4.27276798946418,2.5835829629622,3.1444974765507,2.60808131081387,2.25985686491965,3.06939162471032,2.69655604117968,3.37509373951355,3.3571832947235
52,3.8151226795670494,3.28073496570969,2.98632024396351,4.37099187977139,4.42081217896718,2.99770390280169,3.98611804508854,4.32771836180253,2.82162736520215,2.81636669892328,2.3604515979743,3.34502267778553,3.24874372362814,3.63767103664961,3.64534517731646,3.83363699695845,2.63963753230453,3.08829041851139,4.14720231439876,2.5835829629622,3.3635553560460294,3.10704790867305,2.39733910170784,3.06939162471032,2.61946810486385,3.3337969189502,3.37731963998196
53,3.90734557063376,2.70785309899068,2.77852259216481,4.34131501142419,4.33968292411045,3.06235112914407,3.98611804508854,4.19707004264389,2.82162736520215,2.02327029494788,2.21337826870075,3.34502267778553,3.43663184846103,3.63767103664961,3.64534517731646,3.68428560362352,3.37375746600939,2.71088511076498,3.9981550615674,2.77721404072027,3.1505092286424,3.24975564144163,2.44849222772411,3.42468566394943,2.7552283363383494,3.3337969189502,3.37731963998196
54,3.90734557063376,3.69128568870144,2.77852259216481,4.20015900385282,4.62894245943412,3.06235112914407,3.90759286466824,4.19706426002757,2.80223330912935,3.2040452293948,2.23958847339433,2.75158277157638,3.43663184846103,3.65723049167906,3.64534517731646,3.68428560362352,3.54448441355046,2.69624593599019,4.19728525844182,2.77721404072027,3.16862512973349,3.24975564144163,2.48099440614391,3.44319646960954,2.7161298145795,3.39730817363102,3.44277242363017
55,3.6350956001318706,3.83020562153138,2.95084078640815,4.25539696835335,4.47313751144713,3.0062276383931894,4.039549845088539,4.21377811405962,2.78634987804732,2.92226722784635,2.23958847339433,3.18110337326618,3.45971932159465,3.87449607407931,3.61817134806014,3.5473084559541,3.35554121021128,2.54410460354473,4.19728525844182,2.68831522888818,3.3525173765507,3.41239981731795,2.05765226238894,3.44319646960954,2.73854419979123,3.46184204694962,3.52152670869803
56,3.6350956001318706,3.83020562153138,2.84025004738142,4.38533807977139,4.3398780673813,3.06099793184165,4.09281524801728,4.21822220261933,2.66945445919843,2.90385240274651,2.33727721564536,3.60905927496005,3.22275587945978,3.87449607407931,3.61817134806014,4.04346997663983,3.56323608958145,2.68317744709262,4.27979566229639,3.12380088435885,3.18890152090255,2.89971119590987,2.57139867718375,3.23623679494228,2.70439322738013,3.46184204694962,2.97119697821908
57,3.76546017471958,3.57630079080354,2.84025004738142,4.34103363481456,4.3398780673813,3.06099793184165,4.09281524801728,4.32550068447898,3.02644567436335,2.90059888534852,1.82760859546353,3.41513316079724,3.1209864072234,3.79353219515129,3.74852232324518,4.02229996518784,3.33179582893793,2.68434698393756,4.22424947695983,3.12380088435885,3.18406995056592,3.04249916948385,2.43118746637338,3.59483832475498,2.7630669503901,3.43739911281714,3.14920516043456
58,3.76546017471958,3.48541547231127,2.5382119180499,4.2463628790816,4.28742421740401,2.92125970920198,4.32396607269385,4.32550068447898,3.02644567436335,2.79736176318395,1.82760859546353,2.23881655846729,3.3130647875037,3.79353219515129,3.74854423427592,4.02229996518784,3.64713593862804,3.04746097240059,4.40775842875903,3.12380088435885,3.07761980656613,3.04249916948385,2.43118746637338,3.59483832475498,2.68547569512976,3.06346022950637,3.14920516043456
59,3.76806208460924,3.525657928393,2.83210092051184,4.35396051852302,4.52776898819691,3.01425363408374,4.22589256183943,4.29515702332462,2.762426854913,2.7898989018244,2.3947778372226,3.32033097049346,3.08376890397715,3.5009477009462,3.65230327560414,3.78442051894308,3.3949400506996,2.96917365586177,4.20794253072148,2.95795009553692,3.21656983763866,3.15303254554228,2.50138811224876,3.55139371586568,2.68418639345293,3.06346022950637,3.19621772816365
60,3.76806753740818,3.6462867106947,2.9926589509123,4.23813044554031,4.52777629916565,3.30463101853048,4.08699832706226,4.00359097459972,2.61116663047155,2.94685179153015,2.37066705609082,3.48219316423907,3.0837628365548,3.5009477009462,3.6522989380995,3.78193368561703,3.24533711747589,3.01395059327418,4.19251074272037,2.95795009553692,3.53542899225919,2.95962822628568,2.50138811224876,3.47583679494228,2.67317907537887,3.9924422636160695,3.31509218455203
61,3.74671993467546,3.43113207966767,2.9926589509123,4.37503413828018,3.40532332072653,3.30463101853048,4.08699832706226,4.27357112356986,2.85400107342963,2.91698680777071,2.4322594172834,3.18493461287492,3.0837628365548,3.30026223459049,3.50963516472371,4.16451062027162,3.43417890213549,2.93240846248038,3.9942877127829095,3.09782802318688,3.19216513836238,3.29737189173311,1.41679713278625,3.47583679494228,2.74683162706216,3.53517371973183,3.51187891579069
62,3.74671993467546,3.43113207966767,2.923477928634,4.42122816100579,5.37811582912344,2.47343791772849,4.02153707830205,4.27357112356986,2.76239317306331,2.89178372051037,2.4322594172834,3.18492699967858,1.69722498778897,3.62097657185672,3.50963516472371,3.96593793872325,3.15967257982542,2.8751036247392,4.31422019124646,3.09782802318688,3.36267320267484,3.29737189173311,3.08470803797372,3.46700078283073,2.74978995548769,3.56269397530409,3.41688303850115
63,3.93202472135429,3.17869370318321,2.85479913707113,4.41446890693285,4.64668779464812,3.6058533186526094,4.15903650341973,4.4234130645085,2.70383686440459,2.7977850309029,2.55173682194374,3.3869381241415,4.18421999129727,3.62097657185672,3.82827367987397,3.96593793872325,2.9860226490422,2.8751036247392,4.23615683378033,2.88928685452521,3.06789118167706,3.2237504844215,2.78511346264234,3.08889386362029,2.80120062593336,3.7117009254892,3.41688303850115
64,4.12143399693726,3.7266360150203695,3.01325457608115,4.53675841078449,4.98415268048383,3.29165006959272,4.04568530531591,4.35489114919181,2.70384257438092,2.80837829760148,2.56476126084753,3.48585061085355,3.60217487672939,4.31622609714464,3.82827367987397,4.09757303284366,3.39841873080579,2.54934178704589,4.23994844686814,2.88928685452521,3.12806696727644,3.16688699457541,2.71479131427147,3.08889386362029,2.72612208268219,3.7117009254892,3.32684751017065
65,4.12143399693726,3.80229541448892,3.01325457608115,4.44108944934395,4.54100125710165,3.29857751842118,4.26579560360244,4.28982042790513,2.87937300279179,2.82196863139943,2.30882643913091,3.65043302626879,3.67200808359783,3.68589784273231,3.5157489594458,4.05480362527711,3.33464322317937,2.95598397507305,4.34372369132887,2.43061904956697,3.19970656323238,2.78383517273556,2.51779668859063,3.58868680550524,2.74758393157736,3.3413669611041894,3.2684047788008
66,4.24110155005835,3.52896300309957,2.89488002150469,4.35933323083503,4.55972599777068,3.29857751842118,4.26579560360244,4.28982042790513,2.76368356556328,2.83719082874858,2.30882643913091,3.07228840888736,3.47778169326642,4.33906508739842,3.5157489594458,4.05480362527711,3.11711542018468,2.85924778812994,4.34372369132887,2.43061904956697,3.20833188423692,3.28356453694155,2.34211307275257,3.53009024769725,2.75867688233608,3.53063676774748,3.18795608974828
67,4.24110155005835,3.29351797386833,2.78719524809382,4.37384922652069,4.89607235846663,3.00824357307534,4.03510533163015,4.17549460728511,2.64876683407341,2.86142797584287,2.32908416400416,3.07228840888736,3.41175843911576,3.99204171918274,3.61634139686081,3.99134935110955,3.35349953289123,2.64353049859679,3.90021696588478,3.23919728503273,3.1766044082736906,3.28356453694155,2.1516679153117,3.5783642139229,2.7313283833744,3.46711582278121,3.37868783106717
68,3.96305098471988,3.29351797386833,2.95065379333631,4.39504079119819,4.45703018305692,3.02254559915283,4.11998982609365,4.41056603506844,2.77858149571803,2.81254880487495,2.34008286073112,3.10937107142831,3.23671783287605,3.99204171918274,3.90746342255333,3.98244240269836,3.45562927447699,2.89324104607327,4.51806998299798,3.23919728503273,3.31110399063901,3.33889835222701,2.38199261282423,3.57838991554392,2.76968908302829,3.46711582278121,3.37868783106717
69,3.96305098471988,3.49403536065071,2.95065379333631,4.44864986482902,4.52835248166703,3.22916730478278,4.22888880479846,4.41056603506844,2.59398513673214,3.00306192690582,2.39816789111658,2.9690534687126,3.17762505371167,3.74835532679165,3.90746342255333,4.16404107128623,3.25595315726442,2.87420903905405,4.27085057627066,3.21051003494512,3.42034206986049,3.39526417594394,2.41331500215998,3.1715612693841706,2.19497211104594,3.53334598703973,3.52466860181736
70,3.8616589226083895,3.68417141335928,2.82602666311374,4.45062943100614,4.59198577178078,3.09520238320442,3.99335644032728,4.25361778612898,2.80683648723507,2.84848698454509,2.39816789111658,2.9690534687126,3.40738111621853,3.83997794072536,3.76551835670628,4.16404107128623,3.25595315726442,2.95880208434956,4.4950637981168,3.21051003494512,3.1933992362034,2.59522373094628,2.39563837435391,3.61279533129434,3.04240373209156,3.54887116138095,3.66224332233921
71,4.03363005745697,3.65482075176383,2.90215236323062,4.48633260516785,4.58291267199262,3.09520238320442,3.99335644032728,4.42565503916797,2.80683648723507,2.93944601300567,2.43472029539194,3.05210392419261,3.32656757872539,3.8400090152538,3.71881204083269,4.11475262696786,3.4331073714495,2.77968958252814,4.31621388202136,2.86290850333836,3.17663533363435,2.59522373094628,2.52204935944965,3.61279533129434,2.86589600534685,3.6178686744247495,3.20362112344535
72,4.03363005745697,3.67055037301881,2.91166819268373,4.5986294861155,4.58290473285637,2.8936369366556094,4.20403469964066,4.42566022459347,2.72180103845787,2.92452303804687,2.57219690827774,2.81645104018774,3.27850462777116,3.88160764379591,3.71881729288681,4.27025440664903,3.48802711881669,2.823085267996,4.50811347296681,2.86290850333836,3.24969202674582,3.11816607303399,2.4430729983076094,3.71256797208307,2.80510325812434,3.6113843990033105,3.54555632291759
73,4.17197184204085,3.16152774056001,2.91166819268373,4.48444747594469,4.78465775547724,2.9984578493777,4.26923426650598,4.50921890295772,2.748579026889,2.88628819569463,2.60773011860548,2.43431527268078,3.33053897209541,3.88160764379591,3.42884429203316,4.2633296985862,3.2051670300301094,2.94476673172102,4.29111185444151,2.86290416214423,3.23464095683092,3.16559512829871,2.39266297337616,3.59513194674713,2.70623077838422,3.6113843990033105,3.54554884090332
74,4.17197184204085,3.52133850295692,2.78152859486504,4.4890101511108,4.93316064592385,3.2487424668838494,4.32038309268109,4.32896571461134,2.70625737412602,2.82364392165857,2.60773011860548,2.96792334881754,3.31803700280035,2.80784014548298,3.71347594410234,4.2633296985862,3.30291765797642,2.69586923321709,4.37696883296307,2.80234009572505,3.11953798075124,3.16559512829871,2.5592220824221,3.68317995633921,2.77481886380637,3.6898598170961705,3.45836168658192
75,4.20842602483115,3.47359434167886,2.85526282558047,4.28119306462117,4.63027434154577,3.03701422382482,4.5441655389997,4.42287707442667,2.65216169050483,3.04510507423058,2.47965133221306,2.88623015326265,3.3861588035818,4.62168294298359,3.71347594410234,4.24475830374438,3.24795205981491,2.95767109344737,4.55622079307314,2.80235915952331,3.53980080265277,2.90522852265234,2.56123033071876,3.5962831213068,2.7420970436099,3.60086958101767,3.80203066928772
76,4.04075040853682,3.67197131950976,2.81835599413144,4.6135612511108,5.2700160992096,3.21104209759464,4.54419810911365,4.42287707442667,2.65216169050483,2.86822129852155,2.53042846758928,3.48385283768885,3.19493870373911,4.62168294298359,3.6555777035518,4.25698995569719,3.26662294602898,2.90213466839372,4.38248151785953,2.80235915952331,2.99703903442744,3.3347824047803294,2.52138932263465,3.55406868310128,2.76286291192031,3.62307363973754,3.65607803322793
77,4.04075040853682,3.67197131950976,2.81835599413144,4.45964033525651,4.89210087501249,3.18634153465545,4.26782648207046,3.51227382297687,2.66166614496182,2.90179883969222,2.50106823106404,3.04234799074732,3.10909879905726,4.19482901444172,3.79448572468415,4.1400381404302,3.45399555107762,2.90213466839372,4.72642883464221,2.98591424016805,3.32405744049118,2.92598283352514,2.59140484910104,3.4603679351146,2.75124880165978,3.384510591551,3.90489333543772
78,4.25564023614558,3.6465129041523494,2.88228613015379,4.30054455889851,4.83959224739966,3.30619040213021,4.18241736122055,4.98680752761928,2.7540953991489,3.06176148440314,2.50106823106404,3.28546649827724,3.19815672393719,3.81015280305319,3.79448572468415,4.26515092610504,3.45400226100336,2.49267954806394,4.40317966042333,2.98591424016805,3.32941599561106,3.1827890653303,2.26966527717918,3.4603679351146,2.71812569861271,3.384510591551,3.68533810553109
79,4.25564023614558,3.16342174361966,2.97438230619494,4.35975382252791,4.9051745064713,3.13154292190255,4.29208861578088,4.98680752761928,2.77621257775845,2.94994900792275,1.74393735004561,3.57770302653645,3.14786630061187,3.87699024057349,3.61702223527746,4.26514458521647,2.23892331231046,2.78260674914456,4.46066441505399,2.91134136040443,3.63664046071533,3.1827890653303,2.35813060627377,3.5623222144381,2.71762972923102,3.7230731890299,3.36273048600517
80,4.01414881762945,4.39893769139677,2.97440816449936,4.34825267981881,4.8825750441831,3.12454960581302,4.36832034576156,4.3900408726711,2.72082156485329,3.06179356027622,1.74393735004561,3.44670243571532,3.23260065938118,3.87699024057349,3.92331318295517,4.25122065080053,4.34837354222433,2.89017988017424,4.5389992845453,2.91134136040443,3.26907926144563,2.99717354177638,2.5154829196088,3.48885665160521,2.79407335653276,3.65769338801474,3.36273048600517
81,4.03232493430126,4.39893769139677,2.65521093996301,4.29226952032072,4.94026939614904,3.12454960581302,4.30164231223005,4.4522877744752,2.81162044990403,2.87986070350199,2.8197554757896,3.22659536855034,3.31458138110622,3.92816124883445,3.92331318295517,4.28541563898447,3.92741007085774,2.96850695823898,4.3895648902929,3.03024593633216,3.30250697927061,3.31652066018149,2.47264970740709,3.55772015747904,2.83628677381187,3.6872482071177295,3.54371937666738
82,4.03231942196847,3.58290472147652,2.84472888551216,4.49708934193051,4.57071063659599,2.92907669359947,4.30164231223005,4.4522877744752,2.7917296681605,2.98206963390703,2.65479540370863,3.70203853061237,3.20034302078597,4.06799694811142,3.73421029789068,4.32747432576087,3.8989362773181906,2.95329600882858,4.50984420816988,3.03024593633216,3.24182055165128,3.47103197261359,2.41909173603013,3.51695487911701,2.82187578590679,3.55372440135816,3.60101977644711
83,4.07974171742466,3.58290472147652,2.95569432576509,4.34478854498675,4.81940561983697,3.13637824689011,4.26950380774779,4.48193687336234,2.7917296681605,2.86977980235221,2.49332716544605,3.15176302247649,3.19731586903368,4.09160709195948,3.73421029789068,4.32747432576087,3.88759005121484,2.95329600882858,4.55159822548385,3.03024593633216,3.24432679037571,3.24960012070316,2.50634549919104,3.51695487911701,2.74246934742062,3.55417223896932,3.72397436442638
84,4.40027421217185,2.91042339418145,2.95571774578573,4.37644190316867,4.82304798520237,3.06774900714212,4.44426422539406,4.46196996874203,2.75132476371745,2.91338068836214,2.49332716544605,3.43168158845864,3.10962690131168,4.01949977765501,3.69541931742259,4.31107917761778,3.62404084672206,2.88394847198149,4.29255738812701,2.34688238420166,3.39667949142591,3.24960012070316,2.4429077421277694,3.20697162702228,2.74612180284884,3.55417223896932,3.75857551420312
85,4.40027421217185,3.9709014045813,2.87209118206257,4.49918909807488,4.41889063333966,3.37232614579508,4.40995940121991,4.30108232182212,2.74530029290441,3.01186756021574,2.49861077987178,3.05190165837085,3.10962690131168,3.76187107270884,3.69541931742259,4.10350782740237,3.28227973423483,2.84478134648776,4.61499422577287,2.34688238420166,3.39667949142591,3.21883226347649,2.25107623792217,3.68262362628894,2.68757430570592,3.76179602407854,3.6299685548281
86,4.22237495147462,3.7330916254034,2.93040965240226,4.42329988119716,4.70673541142401,3.33527122019789,4.47044457134311,4.26299971657502,2.74662176907101,2.84954164404695,2.53259912955522,2.7852441330851,3.22250653744302,3.86487198671104,3.79022764175492,4.14889507852114,3.46786054503548,2.98439432949837,4.60059760199512,3.26865634645425,3.35518168439314,3.49294913122038,2.39675379970655,3.4162549363751906,2.65135896856315,3.62708085475803,3.67108250257049
87,4.13844173798018,3.7185566986587495,2.84425077674805,4.338948617692141,4.63481319742499,3.14194887634692,4.39946285723119,4.26299971657502,2.74816556493514,2.94713315932079,2.46965964662855,2.7852441330851,3.02749797495507,3.86487198671104,3.70501766799821,4.34269647987336,3.41889935393826,2.88918772949837,4.42945030378971,3.26865634645425,3.3433102267268,3.615952506845,2.44086965694859,3.61324017092239,2.62225625937274,3.65041371888675,3.76035264609036
88,4.13844173798018,3.77315636516079,2.98310676495571,4.51967096739675,4.73404202889327,3.14195465507675,4.53917872701767,4.23251857522454,2.92386494967645,2.79181309481981,2.46965964662855,2.07819387243793,3.22290781556362,3.91883984958094,3.70501766799821,4.23792419116866,3.50756288246374,2.75951193608624,4.41356852730477,3.13691397818919,3.00550711444776,3.74813612964613,2.54517758036231,3.61324017092239,2.71087680981104,3.5791921876564,3.67289482299721
89,4.21496994872345,3.78455177609978,2.98310676495571,4.34770613580788,4.6365474745018,3.11159257074965,4.53917872701767,4.48929830159557,2.92386494967645,2.81399745401432,2.47331290183867,3.73625466461455,3.12980347772591,4.00265991889355,3.57129155502218,4.23792419116866,3.62890601181774,2.59536292036428,4.50142090616449,3.13691397818919,3.08596671798303,3.32500069119308,2.29283115105435,3.32363318569823,2.5612357240454,3.5791921876564,3.87373673947586
90,4.21496994872345,3.8219536153409894,2.87917305573881,4.48819417003878,4.6365474745018,2.8335403764283,4.34651131555664,4.57432935675259,2.65823841470296,3.03913667252815,2.4216240326752,3.79448001656085,3.05159538360246,4.09115878631842,3.57129155502218,4.29197119754634,3.32053662622864,2.71307500996337,4.50137532238234,3.04855891783258,3.1727625099254,3.32846486911408,2.3856251359798306,3.84239530477205,2.61636550461684,3.71876915707094,3.87373673947586
91,4.23498817275804,3.7085205964191506,2.66895752555474,4.4138117301867,4.53497031023643,3.16575860328234,4.18412327589995,4.57432935675259,2.57206727990442,3.04128626789849,2.71280223600879,3.69783871411293,3.00508059381836,3.74991129805335,3.72695603663521,4.21703205185361,3.2872655169724694,3.0101476308933,4.43848798974796,3.04855891783258,3.1953005658676,3.32846486911408,2.36932650756647,3.57606428310128,2.61400906762258,3.64453629154793,3.60173952388376
92,4.20825507018336,3.63274558258414,2.89403700992625,4.60610248029613,5.04877346767881,3.3225674282015,4.25064180597377,3.30867297983626,2.85397691882036,2.98693987120376,2.62840886136467,3.58401290814025,3.32981857778736,4.04908817677036,3.72695603663521,4.18969416043271,3.44608046101799,2.97528925475038,4.38882126691615,3.12694042350469,3.18219480205156,2.88431909905822,2.5231574260683,3.58338463637489,2.67851448559127,3.7329419137320694,3.55328951429958
93,4.20825507018336,3.38031541022428,2.85729516144262,4.69640510885315,5.15637009586888,2.95630041708279,4.2781895129969,3.30867297983626,2.99729586667789,3.13776598525448,2.62840886136467,3.59098952657523,3.39940755716836,4.04908817677036,3.72030256180573,4.18973241507174,3.40480394390997,2.8296272643671,4.34656122471609,3.12694042350469,3.39028677286278,3.60095194244233,2.40953247269412,3.58338463637489,2.73088953546884,3.64550785042396,3.61353931924454
94,4.10991036125081,3.8206836641344895,2.85729516144262,4.52496947844298,5.14863159856136,3.15375432000368,4.23586476371319,5.12715338328271,2.78749194950409,2.86572564391535,2.50357294133123,3.43501297666343,3.21866655862685,4.14284926432981,3.64853925322676,4.11312836732651,3.47973512153821,2.93025412557401,4.51168978470501,3.1098704303802,3.46789814175732,3.5359014699804,2.45657910256956,3.66737353696478,2.71402219360333,3.64550785042396,3.24155834766856
95,4.17893977312361,3.4864634282393694,2.77714534851192,4.45471641565304,4.68078389060757,3.1148548398088094,4.28319805884948,4.82672466857265,2.78393920053294,2.91784319372109,2.52769484826912,3.43501297666343,3.31755091147614,3.98218725112085,3.64853925322676,4.3909559141036,3.27830619861282,2.79202061931887,4.49184295009022,2.85213539322888,3.25048419820162,3.66291830333274,2.47487270242467,3.52341982934992,2.7167755327895,3.74445708978395,3.35512625598029
96,4.17893977312361,3.66960358533072,2.7469589287208,4.60073823904151,4.64568043576519,3.11486064016742,4.36502206117273,4.43264216832042,2.81452073152838,2.96043481718255,2.54281133784547,3.43535463399396,3.21804924366959,3.95040052832235,3.85660417673332,4.28521609829922,3.37872285842624,2.72950253972988,4.51027548422657,2.85213539322888,3.30315945684497,3.53177468497456,2.36103274212777,3.65504848310128,2.66377932454801,3.65250218986732,3.60816262935608
97,4.34922135228769,3.59943538521893,2.92136730265652,4.57736232136879,4.90195890727823,3.06733142011986,4.36502206117273,4.48175550425418,2.81452073152838,3.15415016462157,2.5342511145407,3.24909659639321,3.33379132053566,3.52430168652353,3.85660417673332,4.28264703588196,3.33308082707007,2.71196045134494,4.47329446822355,3.17049496357451,3.12007140927788,3.53177468497456,2.5478913731345294,3.57358488306609,2.66670230129502,3.89186311843922,3.37801244929085
98,4.27523086124618,3.60900133991318,2.92136730265652,4.53695154949202,4.79377491190961,3.1884585820545106,4.39169941632243,4.48175550425418,2.83901164438514,2.97164491778146,2.5342511145407,3.31933426804541,3.21039860234757,3.89804519091131,3.74730620023353,4.28264703588196,3.26707369439838,2.71196045134494,4.55151809410173,3.31945108845994,3.1200775676127,3.70431262931016,2.1930314594614706,3.57358488306609,2.6620012888882494,3.6932455662311305,3.37801244929085
99,4.27523086124618,3.72714538521893,2.93611708355488,4.49197783963245,4.6085149008564,3.06116316232623,4.24303312122448,4.29962968168205,2.78680509647615,2.83428270290647,2.30940414467546,3.33534755399408,3.41750194724318,4.12676425086308,3.74730620023353,4.31359159656176,3.47187373540148,2.6805062749337,4.44291118130963,3.3194454369753,3.3506165901659,3.20864050642511,2.54313836206216,3.0015084401224,2.73484214373003,3.6531423997314105,3.6697760938614
100,4.14513188619409,3.3184007228449106,2.84477474578573,4.5959330861155,4.6085149008564,3.32146983057363,4.16242903988251,4.22962745560177,2.87592065959026,2.87759372200301,2.47130979447571,3.32341074529094,3.19511388415947,4.13084604794666,3.87542253449698,4.26607585506764,3.5063501043819,2.94042365962498,4.51387945941748,3.01949738197257,3.26166941775663,3.43538282793997,2.58019958428805,3.80610816782714,2.74707012225162,3.6531423997314105,3.58164224196414
101,4.05037543351244,2.60285310330079,2.84477474578573,4.53725188685942,4.97800199182901,3.24344054451383,4.41560734762908,4.04598183176654,2.79593530375384,2.76572295253337,2.48066942211811,3.35939607773026,3.19511388415947,4.13084604794666,3.81646237936804,4.28906379121294,3.27913571115741,2.74655337762374,4.4210111555811,3.01949738197257,3.18357001581338,3.9817847480211306,2.5148559319885,3.79056305642706,2.7406766772547506,3.78684302448892,3.82493568000693
102,4.05040101837492,4.05318529794192,2.96721565583555,4.46234790737565,5.10208534294019,3.21595326895073,4.1596565499792,4.04598183176654,2.8288789794064,3.03422170336019,2.59590095360566,3.400161104571,3.32877837747357,4.14280147488114,3.81646237936804,4.40139901120041,3.6251896092423905,2.77515260280444,4.57003019740806,2.92181585330432,3.29400649564705,3.3447753853530706,2.59838189178253,3.76658224108998,2.799721899256,3.6316094587373895,3.95963684428125
103,4.16787849347399,3.90015685862301,2.97701115232637,4.5685345203025,5.01686030345123,3.0598943857315306,4.1596565499792,4.9764526460484,2.76635826012942,3.00736193055679,2.59590095360566,3.42687721981925,3.13699302872391,4.15889732939647,3.73533129698939,4.51305074305962,3.42013494845094,2.91350708548267,4.40648825722844,2.92181585330432,3.1672953485453,3.34478106680562,2.3605695373224,3.76658224108998,2.74552573973615,3.8296136226491706,3.70788817865919
104,4.23413712834555,3.8578166435208505,2.89505588914989,4.38598914757181,4.74374958919008,3.11358169356208,4.41430945237053,4.52999787115675,2.81752102707602,2.98667902694736,2.22854481179844,3.26987874085306,3.37030865015853,4.07377764066734,3.73533129698939,4.51305074305962,3.42750272273833,2.86567587473487,4.61309537869469,2.89633700352515,3.13939587754999,3.53748487239293,2.45000764160131,3.56786048203305,2.7018583229658,3.71858141050952,3.64847582773131
105,4.23413712834555,3.72665699141816,2.84106649509104,4.41288271117319,4.74374958919008,3.11358169356208,4.32418252013812,4.41703677424358,2.75619016207411,2.96056573445438,2.52049970531849,3.2352667176031,3.21427798728505,4.03107556346737,3.68995017700353,4.47407507297674,3.40678203726216,2.67651290046843,4.75976566874474,2.89633700352515,3.33828090616506,3.5202178157824,2.25667043657595,3.56376606467864,2.6811958638625306,3.71858141050952,3.56249542007461
106,4.24521602502224,3.72665699141816,2.84106649509104,4.3872507203025,4.79328157550373,2.48226317174933,4.41039282960588,4.41703677424358,2.95084536641649,2.87504794675938,2.52049970531849,3.34563176152514,3.3017606335719,4.03107556346737,3.92331342122953,4.2424180946449,3.43464569217448,2.55702040719881,4.36856237503566,3.06685126989369,3.31501492465872,3.5202178157824,2.469346639276,3.59776561593283,2.68136725884218,3.63833143465322,3.89075765295875
107,4.24914691807885,3.6924977652542705,2.98917796144262,4.46860513837595,4.69767325370914,3.70553347409598,4.40789078434733,4.56966722830389,2.69499119494415,2.94017002053384,2.4090737306215,2.37085050858497,3.16853249077868,4.22690641817881,3.92331342122953,4.4528402931761,3.40996713785459,2.95089458664301,4.64461425920368,3.06685126989369,3.13582877890199,2.58987838061826,2.52441143727912,3.40270525807639,2.65558481073442,3.58388707691199,3.89075765295875
108,4.2491522861919,3.4749595384344,2.80172877205279,2.56621458314122,4.96709956436915,3.4805661447316,4.24423735770645,4.6434275801181,2.6949857744051,2.98135316268103,2.42685269836696,3.71603743535307,3.3526483579369,3.76215318391261,3.72387303112713,4.03218428832301,3.32769727617119,2.95061928758032,4.67356807561477,2.9824440682117,3.44565894765866,3.83167181649429,2.44673728329712,3.40270525807639,2.5948835943586106,3.57927386944587,3.87684178603771
109,4.15902579342678,2.29553858716626,2.87862249509104,5.80197980170867,4.96709956436915,3.4443779073972,4.5356450065167,4.548659108438619,2.84001514521488,2.91396053812594,2.67132245893026,3.76286719694235,3.32968915581815,4.17416351772748,3.72387303112713,4.32098618975468,3.3901209992813106,3.07219922613931,4.57898407271201,2.9824440682117,3.16597966965679,3.5687338249998,2.46810589549889,3.7650265541677106,2.5948835943586106,3.8473505568292894,3.6169852325779
110,4.26166642520964,4.68518527896881,2.87862249509104,5.06747151976918,4.72521307937056,3.2873246274980894,4.5131111898641,4.4586131562946,2.69391737963235,2.91396053812594,2.50332088098155,3.6829113431932,3.28711168788291,4.17416351772748,3.52076537991603,4.43737215475352,3.19082893899993,2.92190763939063,4.72942021505399,2.99520964298964,3.11561128927221,3.44913719811903,2.44062401966431,3.7557809432999294,2.40834059557808,3.83503908380767,3.61107841020036
111,4.26166642520964,4.18770484876448,2.88796127005532,5.15085866516724,4.81343692290218,3.11683404032502,4.49224598877782,4.4586131562946,2.85476782524943,2.82125852472189,2.50332088098155,3.74291415799398,3.29443177044044,3.53844871259747,3.91434323973149,4.45402933891877,3.53467071839888,2.95556001792542,4.3080593218902,2.8945920885977,3.34377468747728,3.74470872982763,2.38651677298615,3.64798253734864,2.71883630660086,3.74180443197822,3.41056191807195
112,4.18737775874014,3.90738553128658,2.49199741806486,4.86206467371845,4.75671483198689,3.3555048637896,4.59367171637476,4.4884611886954,2.85476782524943,2.99717905573506,2.47479997822054,3.74291415799398,3.29443676994942,4.63424856892507,3.91434323973149,4.45402933891877,3.30903335368121,3.01496964382575,4.63479177563526,2.8945920885977,3.25371868312383,3.88032370005662,2.39465101090583,3.12431664890528,2.71883630660086,3.74180443197822,3.62928546672395
113,4.18737775874014,3.90738553128658,3.04023175538004,4.82588382999211,4.84455695672791,3.05293164232308,4.6362157426666,4.38548885804654,1.93161468900055,2.91065723093685,2.53195398803285,3.60607757888364,3.25879471582087,4.36484994180454,3.76758917288221,4.36774437066424,3.55672210744364,2.69068586101625,4.73234996720243,2.89417724394241,3.3639166556801694,3.8268028178487694,2.45446200707364,3.12431664890528,2.6717805998172106,3.62520824977808,3.54853507963421
114,4.16100837820873,3.86200666398189,3.02799135977388,4.71123384665387,5.13085260321091,3.34257519356654,4.66240242313387,4.30613987765989,3.31175707402292,2.86756246188813,2.52986320622231,3.51071704658712,3.20387107645056,4.45462427306626,3.76759417751952,4.43241064604817,3.47133776971014,2.70138218575196,4.44472896159033,2.89417724394241,3.53855872821727,3.80321383082983,2.40638295213564,2.72844599678387,2.73193871576279,3.7939538542090294,3.65533585694426
115,4.36535136890043,3.40685908230315,3.02799135977388,4.73854186200051,4.99961657447289,3.34257519356654,4.3678128635923,4.30613987765989,3.31175707402292,2.59779924988619,2.52986320622231,3.50041343314845,3.16648410876686,4.27392868668233,3.60277885550067,4.59736112318032,3.22179229609607,2.86014188491613,4.696065923412,2.47139387590337,2.97888966096687,3.86732224439756,2.6501375636184,4.30724390680618,2.64040822711023,3.71897765261333,3.66599821101476
116,4.36534586139114,3.95423197338766,2.63376968949458,4.59473363834028,4.63581296555369,3.19097223711001,4.3678128635923,4.18952066072851,3.01199191344437,3.10552451069075,2.51379044616083,3.66634676412335,3.22762617842043,4.34261272760805,3.94140391927641,4.54101712046567,3.06596795535629,2.90165304946069,4.71093146159033,2.47139387590337,3.29832107399324,3.42179045820879,2.51526000778101,4.30724390680618,2.64040822711023,3.87079807004605,3.6636925024525
117,4.13477568362678,3.95423197338766,3.07558362324214,4.52663902548578,4.72428219701123,3.26184633216895,4.50502074458689,4.50410414227774,2.7417106726107,3.11498900761167,2.61794496183243,3.26337161631816,3.18862839502508,4.50710522576702,3.94140391927641,4.5586968805444,3.66711729801488,2.64231795191612,4.54160832007118,2.99720308234442,3.3068447141946,3.7194606780842294,2.35660813447722,3.98144878789747,2.6200138808103,3.76056232361817,3.66368511057167
118,4.26052752161687,3.80312883527982,2.8789392798845,4.58412470824085,5.03907980285049,3.2909947266366,4.48458562931998,4.54024967698769,2.85219198528159,3.01753826206085,2.53899331603792,3.21790437378554,3.3902875845293,4.31479853822642,3.56708164561479,4.5586968805444,3.77034387741826,2.48058404068046,4.62264544788042,2.99720308234442,3.35475351528137,3.80328710465714,2.3343213102131,3.59843473597448,2.59890310337106,3.76056232361817,3.69601285303746
119,4.26052752161687,3.60169060432971,2.8789392798845,4.57375330142728,4.91468599705047,3.15943379914726,4.55000198185709,4.54024967698769,2.89864209308177,3.06601665055703,2.53899331603792,3.38164005137665,3.25425287753212,4.32246555525062,3.82307421164603,4.15994061699635,3.6542730726269106,3.0510708703875,4.41493512613976,3.36245864767555,3.1960521867703,3.64077144786696,2.70538608366826,3.60698702882032,2.62650910761477,3.7292848021602305,3.52103321785745
120,4.1793740467153,3.8449721811084094,3.0754554685544,4.6371274954051,5.02548400719962,3.37721847809714,4.544186915051,3.45583049998214,2.81878166745905,3.02610406973298,2.46045906680308,3.03813003291204,3.18218562395494,4.14433830299453,3.82307421164603,4.19719355239066,3.58440766025936,3.07552202311885,4.59796525916326,3.00832793869295,3.23867889040711,3.71789768030124,2.5041363566993,3.31425209619437,2.59815300909584,3.73731635523247,3.65434992297581
121,4.3512024218309,3.6924855032700705,2.84179145673716,4.52012415777109,5.02548400719962,2.9629721739614694,4.36018303924973,3.45583049998214,2.770324023044,3.06913221206466,2.54698549045404,3.35553167226768,3.40480394802277,4.1797512170342,3.6874397715025,4.69267129235214,3.54556760265057,2.8987566978722,4.42050799092841,3.00832793869295,3.27656194358381,3.8007563710733505,2.39625294103607,3.31425209619437,2.56085899009474,3.30671824988007,3.81931223864459
122,4.35120811211661,3.34085686926408,3.0507479373692,4.59279683805519,5.08940589526954,3.39102328361857,4.32170550887949,4.94445052545125,2.93118138085234,2.98548449002761,2.52017543391163,3.42618644513696,3.312458532167,4.18763486743322,3.65120632608607,4.69267129235214,3.39751182560536,2.77716702204217,4.57865952742944,3.24892792859301,3.49419122869566,3.86522894489502,2.57202674084733,3.76161097770465,2.5927925744281,4.1120376907477,3.70374985313381
123,4.19824138854631,3.7539934991705706,2.94359482568272,4.54419083785839,4.57317096162209,3.11346120359973,4.40899254780324,4.39194687063345,2.98074638434524,2.97136633968182,2.54631240864218,3.7648178901067,3.27981783392437,4.29723697457499,3.65120632608607,4.48585277625022,3.50394511891599,2.89021663532505,4.65889204620496,3.04450792249892,3.36275416916124,3.83139756148844,2.4547198345509,3.6774178162708,2.73720280573068,4.11203161941778,4.01764506517605
124,4.44285713706627,3.7663708187134706,2.94359482568272,4.70820786542342,5.00979142731355,3.61663587015427,4.50749088774532,5.05203847989891,2.98074638434524,3.00367988044027,2.54631240864218,3.58178158542909,3.279811933306,4.32046691501427,3.83320496650156,4.57724556893842,3.35673040813188,2.89242731035479,4.61690496401078,3.04450792249892,3.45969880567369,3.89516315220926,2.58889393015742,3.5141026316133,2.73720280573068,3.83487514769699,3.96542790325779
125,4.44285713706627,3.12475393779142,2.87760855880586,4.36263007434398,5.11986873107003,3.06128044912894,4.46725406860109,5.05203847989891,2.57175244019403,2.85813917759845,2.54008333509771,3.81851148234896,2.35923043738452,4.34188830381835,3.8881784648237,4.50759348028528,3.22552633999857,2.90689282535358,4.57240438311675,3.08755575939963,3.08718376545017,3.8082175027440295,2.48155310874987,3.47513970880438,2.46596056795685,3.7743535259890906,3.45940752858617
126,4.45927848679331,3.92453650998943,2.85343249509104,4.59562136041668,5.00581030085458,3.24173618538948,4.63198002087408,4.88927162938734,2.71755028311025,2.99653185497021,2.47495397446569,3.60368359288215,3.62997188817025,4.19873436589451,3.8881784648237,4.40216612306346,3.49442725212454,2.81109792341654,4.51684054179867,3.045175467644,3.24319335068411,3.88420657994478,2.30730790614808,3.62680779847194,2.82230237220228,3.89913851556165,3.94718239451031
127,4.27170627060341,3.6890805667645905,2.8848619308021,4.4341963696398,4.92131049251608,3.1561905074680694,4.45982337839268,4.50364234077175,3.01867904841653,3.00498014109275,2.47495397446569,3.51897113711212,3.69555892324071,4.19873436589451,3.7474954902599,4.40712255072742,3.5907391584393906,2.95929128049386,4.50849593511769,3.045175467644,3.23317469876747,3.48775428096124,2.55125461668095,3.62680779847194,2.76584302517952,3.6429326910114495,4.1280606014907
128,4.27170627060341,3.89215809031183,2.8848619308021,4.45832642128501,4.85349197117507,3.14921650608717,4.4625858343144,4.44178127540175,2.74654733365845,2.95364667736888,2.11081500667147,3.59227727953657,3.49930969098725,4.06392668678366,3.74750041717398,4.40712255072742,3.12652372395169,2.93324758947687,4.64381511848127,3.16479311218016,3.6969070277879705,3.96408482741842,2.61693568505217,3.58148471791538,2.73269668020975,3.7473602200185105,4.1280606014907
129,4.34553948547899,3.76569101366174,2.8946178717351,4.62728259675119,5.29921577862793,3.14921650608717,4.42360802521918,4.54687876363553,2.9031469088137,2.87911181007565,2.64975818425528,3.62543559077301,3.50480024147342,4.27453286952553,3.71355429597055,4.38805774978242,3.68655854322709,2.93260454367586,4.6549459022313,2.67508526582441,3.27760784525188,3.89937609817183,2.43155058053545,3.6368373408858505,2.79746133446353,3.74128009880075,3.8052150903122
130,4.16148721944924,3.76569101366174,2.81346402639711,4.50600658299294,4.76721020425697,2.87420460325018,4.48162982579975,4.54687876363553,2.80143607100687,3.01785435471789,2.82355026991864,3.51042921884392,3.39596112896828,4.26674574688611,3.92395457557992,4.31380579881341,3.6268029254251495,2.93845083049865,4.48683916192854,2.67508526582441,2.99463553136041,4.16081954514414,2.44750007910917,3.5145334257529,2.72119524508679,3.8277980823987505,3.60860860938904
131,4.16148721944924,3.6677835304231095,2.98889338776187,4.4823012771012,5.00267624118811,3.20776792063486,4.64515570936288,4.4949556553029,2.70203399622052,3.02226749498529,2.66513308518975,3.56401502416524,3.17142714250058,4.56765195564843,3.92395457557992,4.19112980134157,3.6354217082444,2.94227679667797,4.57018441057934,3.19168855638828,3.2447779668253,3.6132969529429895,2.16804007119521,3.5145334257529,2.75900112738077,3.7091706966237905,3.97162400972439
132,4.29216670952137,3.6677835304231095,2.96140093175861,4.52927187380045,5.31563784380349,3.26359645407113,4.6290646261112,4.27225180484734,2.70203399622052,2.92588760396163,2.66513308518975,3.54499801104363,3.16528238148055,4.39765648594509,3.6676717504361,4.48715549925392,3.45932380301915,2.87236366169752,4.389544319241,3.19168855638828,3.27342780335296,3.9576907237111305,2.6654377328157306,2.97642953225044,2.75253360299513,3.7091706966237905,4.01080056486638
133,4.24528334304895,3.72757516449286,2.96140093175861,4.35487536116802,5.02122716720384,3.2881058815576,4.36899273939003,4.42810864597411,2.4108562486638,3.01466107294297,2.57529640641691,3.38964816906198,3.23787027452204,4.05469244031112,3.6676717504361,4.50382997168949,3.4659185285895906,2.76992167824035,4.67567889569653,3.05533599529671,3.1833893855016,3.9198267483523894,2.54230338495179,2.76231097216273,2.69262272390125,3.14190081381282,3.74791858820311
134,4.44249766415466,3.0148453783356106,2.97085127657331,4.33270946220821,4.73344039272556,3.34306375518021,4.36899273939003,4.42810864597411,2.68239789180995,2.88269620330779,2.57852537104672,3.38019727803095,3.38704281782849,4.29100663063312,3.73380971938229,4.51320448122776,3.35123478018447,2.54753906445882,4.93994554179867,3.14792777895759,3.24201061608627,3.48051699561955,2.54230338495179,2.76231097216273,2.73476032632621,4.10673324529585,3.65665325374695
135,4.44249766415466,4.38809055727153,3.08144455066924,4.44901740893983,4.87145719220244,3.26734278590944,4.53835078825703,4.53056047499089,2.86802399387435,3.01992785114409,2.73213568271253,3.38019727803095,3.39531152402306,4.35159463063312,3.69693644747494,4.4018242226117,3.60744627825347,3.05531492013068,4.61373864027824,3.14792777895759,3.27478696491351,3.58752686268315,2.36160479658002,4.35457830680618,2.68703333536913,4.00030643265543,3.92095597734222
136,4.33867718993534,4.03100225146869,2.73259981398635,4.34023240530967,5.41439016291051,3.17995885397761,4.3836664007232,4.65589003492245,2.86802399387435,2.87755617047875,2.73213568271253,3.16486778465811,3.20479709671338,4.23281569889676,3.69696077108583,4.40041633457861,3.5800738041644906,2.59251003121398,4.68333774670843,2.96728832687049,3.34157768574667,3.7696388098940705,2.30810916148004,3.9932087973119494,2.70082178808895,3.97252922815954,3.93247921843374
137,4.322856609981901,3.70283849132216,2.96689840474561,4.3840502197244,5.34306060106488,3.35872298189255,4.56940970887601,4.42350421501359,2.79282744776423,2.92734214863687,1.6023160302142,3.42848636359694,3.35247367573722,4.25215610269174,3.67105418691172,4.38365331156663,3.51296714082767,2.98431290969458,4.55934319582677,2.94419909186819,3.26830719163118,3.63054068942416,2.59681843906658,3.4508148878901,2.77524628857165,3.83611566576216,3.89809226155516
138,4.322856609981901,3.29298123762402,2.96689840474561,4.47185400152346,4.79313260040209,3.25504352482661,4.61917748599421,4.49678838735379,2.71401123392953,3.02558181404618,1.6023160302142,3.5056336114064,3.36192638997652,4.30708009014659,3.70028971571579,4.41493323417361,3.38899877688982,2.60738787334369,4.71729965159844,2.94419909186819,3.1849316987674694,3.6945348183374,2.67815264303753,3.4508148878901,2.78118628857165,3.83611566576216,3.87101837827499
139,4.31916266487703,3.29298123762402,2.8040165392304,4.483400341251,4.86756149847023,3.28172381444898,4.48777599350749,4.49678838735379,2.98488597110663,3.09906114486481,3.28125760401341,3.62256509165307,3.31509229949321,4.20377447298821,3.70028971571579,4.47828803143381,3.47052547952028,2.99915919442377,4.542079090096,3.25925706463945,3.43453319532351,3.94862631780494,2.6395406971802,3.40429216786808,2.7479626533585506,3.8787673828762905,3.7873866641378
140,4.29318758903727,3.88079971234046,2.95446842891979,4.50033620965398,4.80547655718632,3.28173022833936,4.41268330029642,4.73100547187681,2.66014101203024,2.96661633596829,2.93867225203013,3.60861839371352,3.20335121754799,4.30931528879728,3.85762093229319,4.47828803143381,3.43745436148159,2.83362251911407,4.69326519982746,3.25925706463945,3.43453957359887,3.97231752827815,2.45437048859107,3.69664709818666,2.7760470977723,3.8733784950019494,3.80018563740073
141,4.29318758903727,3.6429994182303,2.97498727705954,4.42679671864767,5.11002196884761,2.95467687020813,4.56358334717017,4.33756227996267,2.66014101203024,3.07709554514267,2.65843638613924,3.78458701204793,3.27840198997652,4.30934730248691,3.85762093229319,4.40470867023723,3.33276392133104,3.09450488484791,4.49080271263299,3.03179827355134,3.26062743724226,3.70646908864529,2.53299665368719,3.73479865335965,2.71112897478533,3.57293784272489,3.78823316145519
142,4.65541585900002,4.02191866144377,2.91397357795761,4.52315511618936,5.08603805293626,3.24132117007797,4.37421467049542,4.66915013423874,2.76559157959549,2.90433631257047,2.6811056080401,3.542697466934,3.31203456703634,3.63916284806286,3.87886163495855,4.5305798542936,3.52614615435097,2.65044943851785,4.61750848769525,3.12336599846302,2.75553631987611,3.88000832971078,2.4882796885910694,3.2057656225144906,2.71112897478533,3.82593018508764,3.84138356644705
143,4.57764069182626,3.92195995536788,2.91397357795761,4.58078571501287,5.49703660509411,3.25001713784931,4.49008282842296,4.46813461765031,2.66564767227392,3.07633225456908,2.6811056080401,3.71045758299983,3.32722148103071,4.50204124684271,3.78044039526458,4.18999282780104,3.28072510047124,2.95625531917302,4.19674604256743,3.12336599846302,3.28716965325674,3.92368115132468,2.55362451954139,3.2057656225144906,2.58166742510408,3.78121768707175,3.7822791162561
144,4.498387328187,4.03161825773465,2.97240029296136,4.294934341251,5.07475986889607,3.25321778493839,4.23622082594372,4.46813461765031,2.53417796364684,2.90271525578359,2.47623940317512,3.39305349171205,3.4764739136052,4.5169459650567,3.78043552033842,4.35995368092781,3.48548823630433,2.85433633984605,4.69308796273375,3.05171420595889,3.2252975658676,3.912093046699,2.49607201153811,3.8042176857764,2.75711913893784,3.7481026486962894,3.77592508219439
145,4.498387328187,3.69987664621986,3.00068457270168,4.44322819986735,5.00850649078631,3.15614444517459,4.53250778646395,4.52329721331592,2.53417796364684,3.07298582638063,2.58985800094246,3.32674937937686,3.32650082421873,4.63622127905639,3.82310688944124,4.60882604598811,3.27360749625438,2.7797428117416,4.62168970429087,3.05619316057133,3.25877642188281,3.94154069569222,1.65050535379094,3.72401909960414,2.81799265344898,3.81418238335726,4.44746001422333
146,4.25741084807507,3.8171051366476094,2.93578913834919,4.36050169986735,5.27331391913474,3.25908041010733,4.58418578646395,4.53134442612636,2.75947839196933,2.96654279018675,2.58323627075601,3.3370550214684,3.32650082421873,4.31055051414061,3.54145817335905,4.46682470334301,3.47337612056041,2.90570577229392,4.54705706865922,3.05619316057133,2.80488557892402,4.15301981907216,2.96004539903229,3.46514395155559,2.63105912987291,3.85986483963718,3.92752129310108
147,4.13981218179714,3.65534550597294,2.98811354114343,4.44636069617547,5.16820897985137,3.16418637963883,4.57192039591278,4.41984519527645,2.77056573948965,3.14038411696563,2.59691201317911,3.41748069660797,3.34532674371387,4.42987279486842,3.54145817335905,4.4647793484906,3.40843829571302,2.93887336748066,4.60383048838923,3.39696297380605,3.44712239138936,3.81161807248294,2.73524751642166,3.18501744505812,2.63745862141557,3.88729780235911,3.96497825434805
148,4.13981218179714,3.74298971195496,2.98811354114343,4.45002506139907,5.15091098314845,3.27981333501204,4.58177748378109,4.41984519527645,2.76517307407601,2.93112253516943,2.59691201317911,3.49232357039424,3.21954971827063,4.39380699610989,3.93186083049036,4.55634913272856,3.39488007536347,2.65857574881225,4.61528280742001,3.03520747584453,3.44712239138936,3.71978488045192,2.7303205047992,3.18501744505812,2.74428042694873,3.88729780235911,3.87574689967592
149,4.43488331272566,3.92358173578572,2.69035597804931,4.65087865648647,5.34202187119811,3.1313692054847,4.54044191818621,4.5300892078367,2.74390552140205,2.86415770003625,2.46125414561466,3.21465205847645,3.19866688947954,4.34454728053735,3.93186083049036,4.43070278178179,3.42112240054802,2.82890214954823,4.50734267448824,3.03520747584453,3.14254920507224,4.09106807045197,2.66279933111483,3.82554261892282,2.73120043126135,3.74956715440337,3.87574689967592
150,4.38017061827858,3.88522441626419,2.72302631474008,4.44239104391706,5.08053837146262,3.35861020531083,4.50619509239764,4.54817841501359,2.76995428019819,2.95343159108222,2.48917568743427,3.19577673322673,3.33055665063724,4.41082185788931,3.75436003684714,4.35313105597219,3.30632807878459,2.77044502819804,4.42180959729886,3.02561520780408,3.10155364892694,3.8140220300420906,2.57962242606977,3.58595489846652,2.63659052282509,3.80334295511896,3.71294238738732
151,4.51712693382941,3.95863313467192,2.94557222896691,4.57798964691064,5.22229239566492,3.35861020531083,4.45856535704405,4.67410694242448,2.76995428019819,2.95343159108222,2.6337584399898,3.56221330343392,3.21571302395494,4.42058262552997,3.62986063221397,4.57931811788876,3.55624146969574,2.79478354233157,4.55864508620124,3.02561520780408,3.17996836783519,3.8424736860976494,2.45596421537029,3.54577807632269,2.72527601465778,3.89861307194536,4.11199452811966
152,4.51712693382941,3.68771990649182,2.94557222896691,4.680302939605,4.96330424569695,2.19880798747575,4.50457284958944,4.67410694242448,2.88492522948212,2.8930413648793,2.6337584399898,3.5622213785983,3.20960634504023,4.41291416732921,3.62986063221397,4.57931811788876,3.52132325445334,2.82603155546442,4.52046065532247,2.94161581895824,3.2489866970469,3.99312065305448,2.2604741448361,3.5940006161988,2.78260480253561,3.88366126382267,3.60272877091803
153,4.19780340647478,3.8549857836086505,3.00413295780875,4.30680434042735,5.81499690882727,4.1235831202829,4.50457284958944,3.4527896341707094,2.8427244121989,2.87157433968182,2.49116523183079,2.27890387093752,3.01423203091262,4.64944233453246,3.65647883526315,4.54206260939803,3.43227868856501,2.62116867355291,4.91018333272415,2.94164450058038,3.13603133436954,3.8343866044441,2.4888625636184,3.61277841804141,2.67243821070456,3.8750075515744,3.8546812012689
154,4.40275611453814,3.7134639678347305,2.95087166860605,4.5098253377455,4.88700487468137,3.46567180228673,4.7313413758019,5.36165546990199,2.6498352896627,2.97332989159924,2.58405000221541,4.11517631895143,3.26797633267719,4.58378433757123,3.76523008233281,4.49386907528263,3.4912895344988306,2.69319529284004,4.34434425839305,2.59270719487668,3.2685130903713,3.9089975787492905,2.63747337205993,3.6745525079067094,2.75723627186098,3.70088744837087,3.78708958922116
155,4.40275611453814,3.55799930659618,2.87411015299293,4.44085061175517,4.75576019235037,3.61184414434508,4.70769709856832,5.36165546990199,2.6498352896627,2.95292574382618,2.64039684286961,3.9814872742992,3.33370553020458,4.27867739002981,3.76523008233281,4.4197892731644,3.42075201747589,2.60476302340294,4.62405716080302,2.59270719487668,3.36953094946965,3.71659664629218,2.60136561694025,3.6745525079067094,2.82278542724367,3.61098585931,3.41439159126032
156,4.38911498673278,3.80368218554027,2.93260840298627,4.43142146389346,5.04447469890567,3.61184414434508,4.63721601061942,4.85477031529166,1.86339279102326,2.8334151263972,2.76710688521053,3.68014541076325,3.17623845630606,4.43625004622539,3.67930551945264,4.79768878573539,3.32346202575137,2.87492241838005,4.85312911085153,1.83921004881272,3.14079551956433,4.25666468555455,2.64345344335807,3.05066243280941,2.78972002999493,3.7994066788166494,4.01536956578692
157,4.4561475570417,3.81366904438292,2.93260840298627,4.53226339328176,5.06502944102706,3.07828594016416,4.39150537889246,4.73159433749167,3.1040215037516,2.69022038300868,2.47316144501845,3.64134925169921,3.26228734569955,4.45792008834279,3.74731005228967,4.51362802780104,3.11272159154118,2.7583781116803,4.65093710890514,1.83921004881272,3.1797121569633,3.6277065972023,2.39580488334236,3.6503040441574,2.69508523657938,3.8780295642745,3.70776433256297
158,4.52978774050878,3.55095015422374,2.92363974097108,4.43066273795397,3.6192877699020105,3.37551941413581,4.63724979377124,4.66369483492245,3.08664412210619,3.17110780703358,2.53615785254252,3.51341491324783,3.27766706703634,4.42711672415306,3.74731005228967,4.64985887682034,3.55181604482542,2.97054297301149,4.82641081995021,4.04390575543989,3.20935322479269,3.8007871688739505,2.30178167060102,3.54318505029223,2.75836460192316,3.8780295642745,3.85381767183971
159,4.52978774050878,3.6321673588335495,2.917182061131,4.65964840537963,5.2353701369957,3.28481401000854,4.51293192058054,4.50421528138051,3.08664412210619,3.02009226737352,2.53615785254252,3.22657548867312,3.25456422039182,4.38275876618167,3.6606077684007,4.54479834834373,3.5226013068643,2.82786248904055,4.43266885630219,3.77623377698664,3.25630179873466,3.97630090224254,2.57988963456592,3.52087405029223,2.75122326632864,3.80649708342596,3.85381767183971
160,4.56698001103568,3.72341105978398,2.77305143418678,4.48728108084696,5.10120439408269,3.20426656362397,4.27618192575648,4.50420977374214,2.19943344814553,3.02009226737352,2.54751502743708,3.68126451554899,3.21767911542015,4.54570626134278,3.65161094661037,4.42850460469257,3.58784778781721,2.8755896824391,5.05923341115726,3.77623377698664,2.9005429215451,3.89225951478711,2.50810962425581,3.50384526717417,2.69393940585151,3.85915078531886,4.1159925673559
161,4.33419230521632,3.78516914257428,2.87791939787115,4.47931118490043,5.41274203578856,3.22448646963238,4.7680557535573,4.57011290023357,2.63797162885203,2.90794623815644,2.56998626361963,3.56086872040092,3.30919315078387,4.62510260228009,3.65161094661037,4.45127061148539,3.41598518211431,2.81171238544062,4.61181110890514,3.42722820372859,3.12658105507399,3.82499307907773,2.50810962425581,3.50384526717417,2.62436610306527,3.70768178397562,3.91432280968674
162,4.45706931451135,3.78516914257428,2.87791939787115,4.5818780479572,5.52146266104096,3.08371672270927,4.47981177291323,4.56551268125415,3.1738436450881,2.94769409418672,2.55194405316668,3.67709613711212,3.24831373680172,4.57576647842201,3.69773972186871,4.45127061148539,3.48765457108582,2.81171238544062,4.86959566758931,3.42722820372859,3.12658105507399,3.9902205642163695,2.48182956706367,3.60512853990606,2.58171861152133,3.84610262052074,3.70081453903425
163,4.45706931451135,3.50709419315305,2.63050842902916,4.34177888918106,5.28696663564171,3.33420942283268,4.51889795364885,4.54652836610377,2.76611799835505,2.96403868345792,2.55194405316668,3.62261167404936,3.2371139376224,4.60499402461041,3.69773972186871,4.56159376684019,3.42319682636014,2.50105690973589,4.63717758507714,3.14134210457601,3.39538253394143,3.73165756950382,2.49954989183959,3.54595693320817,2.56458332152185,3.75909495715362,3.60509858210433
164,4.42421124487646,2.58679873018027,3.1544417453564,4.34177888918106,5.1521776604728,3.25655748564424,4.4616188497426,4.49147785648432,2.65800192219706,3.02185481139136,2.45402640445677,3.77163303509159,3.22140230079039,4.52345810101745,3.78722156021833,4.7023873451807,3.4231902167098,2.82461057463177,4.81701662494029,3.07393207151989,3.03038121747973,4.1249919311771,2.51640953053744,3.54143439844252,2.64999579759925,3.97006602381681,4.02706230315544
165,4.42421124487646,4.76916063942768,2.94122083489265,2.58461700583628,4.9637504877463,3.12756051068774,4.37790429556276,4.49147785648432,2.83768210434031,3.02185481139136,2.50679842621016,3.64600975425536,3.47168283697839,4.49231298653775,3.77922313619538,4.50339810388322,2.15950298844379,2.93967641427284,4.67470863205959,3.07393207151989,2.84981042765753,3.98137189739617,2.29439301853467,3.42783026590173,2.63869077396575,3.4571277206672506,3.99409057430111
166,4.26032629210584,3.84565744240763,2.94122083489265,5.51530034533461,4.65844842441725,3.12756051068774,4.67579338613901,4.77706312850695,2.83768210434031,2.92314518206137,2.30587998501517,3.64229551512212,3.5627885382968,4.55524902011675,3.77922313619538,4.74044621008478,4.5294511996949,2.81245483615683,4.85977496260499,3.1157130066046,3.23922334854071,3.6838812514769095,2.51772391829453,2.94295480637032,2.68101698890946,3.26242481122591,3.78796920713682
167,4.65994652750901,3.98436876733403,2.86635738642569,5.2048794285279,4.4134762953846,2.18832343735909,4.55832949329942,4.5198427405451,2.79761997248868,2.93710517168157,2.30587998501517,3.64347561821059,3.41840369940947,4.53885702552039,3.55234938590118,4.40689164681793,4.02973880736793,2.62989673511716,4.76150444108952,3.1157130066046,3.21887403526267,3.8451208949156706,2.44524272722856,2.94295480637032,2.7084015379776,3.76302398907465,4.14118347387195
168,4.6271129863349,3.84317831154732,2.86671943076884,5.10659140246708,4.4134762953846,4.11182330427707,4.34860399917197,4.29074117657459,2.66971792872656,3.00626919035032,2.62223528852394,3.92045385471607,3.16087009569888,4.4431579559455,3.62869238394094,4.51515538191094,3.6574921119987094,2.35666214536504,4.8509424009842,3.196108683617,3.35229854802123,3.70392333345,2.49089149644221,3.6854016099007,2.46078427546456,3.76302398907465,3.93899433176114
169,4.6271129863349,3.67908936515169,2.87522535757325,4.72899763035487,4.75293268300334,3.6845877666843294,4.34860399917197,4.53502921969828,2.8139254057684,2.8417630318382,2.58330674511391,3.42033136359694,3.10961385690111,4.41746964940176,3.62869238394094,4.4619454469149,3.58544684981206,2.4930836899709,4.54203446348813,3.19610379544493,3.29518303532789,3.9221708712799694,2.47404060884045,3.51638633734864,2.8248255640691,2.86717737535714,3.79900697466363
170,4.45923185284858,2.97665960206412,2.87522535757325,4.73332802340394,5.49636473190062,3.27295646992204,4.79425829927183,4.53503502853418,2.77227734294877,2.91253492545324,2.2422014219415,3.48845171999523,3.20377339502508,4.46263313578279,3.47041581794161,4.4619454469149,3.41896739514837,2.4930836899709,4.71462676069198,3.12446455524512,3.07022303918995,3.6406995026900506,2.62583003333275,3.17655485416034,2.84009109873807,3.63227567605985,3.74396698603676
171,4.44228751342747,4.1216444137329,2.89989016982607,4.65111311761537,5.57952613359467,3.27152091612065,4.69561776215649,4.5027746624564,2.7088464365787,2.54964547999321,2.2422014219415,3.48845171999523,3.14290274009501,4.51216274408013,3.47041581794161,4.6146956530035,3.37865166277098,2.56979559836857,4.72684276524654,3.12446926403472,3.18000388647736,4.03378825182746,2.67772438488752,3.17655485416034,2.77622567810153,3.45593198162406,4.06344384645515
172,4.44228751342747,3.99093155221689,2.84925798028981,5.08095755278547,5.36350398011704,3.33113030771373,4.57879425172846,4.71632128182722,2.97622256190155,2.54964547999321,2.71494115558765,3.48355684912308,3.28876298787013,4.68391542121162,3.90726337785685,4.39333879032927,3.42264726277098,2.97756287106904,4.51443774335383,2.98203371961357,3.15143793095109,4.02989594379361,2.54323843981799,2.73719479691466,2.79455442653747,3.45593198162406,3.91640108305622
173,4.23161217610975,3.94562359786391,2.92941833979112,4.60759674213126,5.3727866396934,3.04908212817839,4.44828944756806,4.69875472308815,2.7537565007046,2.95954810137229,2.60819944376076,3.62400811449033,3.20207765097167,4.57254337321045,3.78347657929126,4.35910042685142,3.27433054503548,2.97756287106904,4.6292452837953,3.13297834084488,3.21157083055564,3.7569330722927,2.63050298077191,4.34942545552019,2.7499995556703,2.92407285767772,4.22507250724055
174,4.6488179999512,4.0920127063005,2.97817462891979,4.69870953960049,5.37836389366785,3.22176342178812,4.41270285695643,4.757614099876301,2.60977396190155,3.07688103726438,2.54506529450513,3.61112432821861,3.09359418472692,4.52313802167723,3.78347657929126,4.3023854787535,3.50260787282085,2.49029990886923,4.68123507716233,3.13297834084488,3.25566278346618,4.12305948073204,2.46796877393143,3.86430454617875,2.72696777867362,5.00380785774047,3.87578072128776
175,4.40131315371777,3.94607096238288,2.97817462891979,4.66372618456261,5.0039927700465,3.22175675433063,4.57736782601954,4.757614099876301,2.79509031235226,3.04011765573506,2.54506529450513,3.78838148908086,2.99179842144573,4.33672406513116,3.69687812959728,4.3023854787535,3.4113989466965,2.7312328239648,4.73343270521385,3.36844181086175,3.30879620530985,3.80583181530224,2.16309490661459,3.86430454617875,2.72633158324947,4.27967454407222,3.7631975121541
176,4.40131315371777,3.84901531835967,2.89547176144261,4.64702864596913,4.74836460347751,3.42887234527318,4.60880105644411,4.42837435693321,2.80992767317873,3.0252275846021,2.50821068029342,3.78838921704768,3.35019750132336,4.49403577934331,3.69916037340889,4.87598379758242,3.39672077348769,2.75722312836677,4.61394307449955,3.18980096433283,3.12242042205211,4.02693302138471,2.67798625362219,3.37307936217258,2.76908667440132,3.8411737822673695,3.95627087593296
177,4.57133684919161,3.90658319163918,2.69119596838187,4.50550093442062,4.93793464160902,3.08984434016416,4.4717268866615,4.72538628304046,2.66976247487147,3.04073383818607,2.49678419246914,3.40432702069806,3.19597575855659,4.57418841016154,3.69916037340889,4.69712281913148,3.36178888351076,3.07297854071709,4.83019130859985,3.1898063515348,3.44687103408471,4.31218691305816,2.55137007480587,3.38062283334134,2.75836796850963,3.7851045601617095,4.17820662665333
178,4.45744444469098,3.93523033132518,2.92637982783179,4.55219666483895,4.80663737521417,3.23657379223925,4.45294078796465,4.72538006073212,2.83178551693117,2.94582512088089,2.70688786763808,3.61669684871678,3.18090559996117,4.45225441981252,3.54548228224949,4.82525204880198,3.21395451570959,2.73296450800033,4.70358375686771,3.14831544087978,3.11129429396079,3.98211044105514,2.60570897889483,3.9338964177848306,2.69950071485516,3.91862061991806,4.09830367329361
179,4.47769382410711,3.91625327793235,2.99753884935653,4.36216027495555,4.6590248912952,3.48079767926221,4.59297684380909,3.40341851757017,2.83457407713932,3.13785052608197,2.68930225639401,3.80627396643412,3.33797316002162,4.45225441981252,3.68976656156268,4.58065261913148,3.42173782087005,2.73520555511359,4.79270378729304,3.41127694727982,3.23359862600913,3.97979069423147,2.44943190784077,3.78270966561847,2.74299031097338,3.89000848173053,3.55472285104789
180,4.47769382410711,4.0053440195374,2.99753884935653,4.46248527554503,4.98218482326148,3.340729693319,4.66637105644411,5.51088750326802,2.74000480942001,2.58618586162927,2.68930225639401,3.63681247295822,3.28457219735116,3.40175832149041,3.68976656156268,4.6736681480436,3.47134555496841,2.7462841487633,4.78451946851722,3.41127694727982,2.77179409662439,3.7439983450399494,2.63106399532467,3.6472577180133294,2.84354132554071,4.01889923371407,3.55472285104789
181,4.42099789225005,3.67753989128654,3.12299861560915,4.62553340547786,4.8592676587975,3.1178073411423,4.80900635747062,4.82541674466175,2.74000480942001,3.03264172308051,2.65048835133367,3.54878589124282,3.16131879359615,4.79966805154749,3.39703740262211,4.68854769602163,3.5134111549684106,2.96962959564067,4.71165826637396,3.09254446163773,3.60502700855193,3.95127979321681,2.59359478584539,3.5574889621543,2.67038464341073,3.95463511355773,3.87366968564787
182,4.54357994765619,3.68301311950952,2.8593276763678,4.52058004867508,4.89211013013938,3.43222735620924,4.63723485695643,4.86727749923593,2.77698277533279,3.00921345765124,2.4452794295683,3.76171356527706,3.31333823868817,4.68550417622483,3.87383550188029,4.68854769602163,3.40865835416208,2.87552209218792,4.72661669670698,3.33147083215802,3.35345067261206,3.83242243008102,2.4591172493523,3.5574889621543,2.72530150342899,3.59533651909062,3.6160640057287
183,4.53625150547577,4.01805162413184,2.8593276763678,4.38476831551049,5.28552752201793,3.20717362210363,4.53287561308731,4.78943946541099,2.72583765677874,2.97105855453923,2.62587370012717,3.53286317550448,3.37214364091652,4.79561286434339,3.87383550188029,4.6151492421014,3.34762925026738,2.86670178846427,4.72661669670698,3.09755243569097,3.4587774411132,4.14524853698858,2.56795504769517,3.06863364505812,2.77600259604055,3.7441948654702695,4.02376811285655
184,4.60169249694772,3.78045229983314,2.90378198834099,4.38476831551049,5.45849734543637,3.1728235576000894,4.65727678796465,4.78943946541099,2.67341721512801,2.93051482979367,2.43397778725393,3.53285520208925,3.37214364091652,4.65279509712614,3.55829399801759,4.67498862619006,3.44589013603725,2.71073612690583,4.47105232932524,3.09755243569097,3.37538399193264,4.04619559066505,2.34064567373978,3.62534962400757,2.69520939688745,3.7454159371447906,3.77645503230469
185,4.60169249694772,3.55796195764692,2.17099466865905,2.46903873799934,4.55051449452999,3.16098740184091,4.64254561845868,4.56804378929928,2.87213626426275,2.58042101282741,2.56913530713229,3.13638289668775,2.26710698522376,4.65922619735356,3.55829399801759,4.77614810053829,3.42905476418257,2.5262554881592,4.70317826819834,3.2099661157245,3.2675569121025,3.95856434183759,2.44774074934042,3.76996340652505,2.78764192863876,3.7104085082512706,4.23187490309186
186,4.42911262563566,3.59880972907007,2.17099466865905,6.09237865808616,4.70519509577444,3.54565797887449,4.52647439737535,4.60333623172656,2.63211779147143,2.58042101282741,2.56913530713229,4.04272523804638,3.6118631614954,4.43882042174871,3.69564775346178,4.55955217098249,3.17785811699032,2.31210369003413,4.70317826819834,3.44903178657001,3.09396247788198,3.91956082855735,2.62903230785358,3.6305861939025506,2.6389260683879,3.83217153013812,4.0762885119324
187,4.47010844380759,3.59880972907007,3.38268031892252,5.3309162528412,5.38124541289858,3.19156641360946,4.60954712343372,4.6107777075065,2.92395065094641,3.26717379090948,2.50460802331742,3.67689376620369,3.6099313183898,4.62334702721311,3.70542946710858,4.80282384144355,3.27522895576534,2.31209664136346,3.98142374630714,3.44903178657001,3.06278324798485,3.91956082855735,2.4801642719015,3.56289851177713,2.59717346195074,3.74836963860164,3.87854168681688
188,4.4067259951106,3.7688661248133295,3.4074632353836,4.93366087076512,5.45244453877662,3.07810098387642,4.41704722067869,4.66680432747199,2.63617215865658,3.00303776407577,2.55446367455832,3.72492990500797,3.62339441758048,4.40927835584899,3.70543417358976,4.53778867900649,3.46993806632293,2.39830517810833,4.84118471241425,3.24047310869605,3.19451348323445,3.90276847463163,2.58928069207891,3.54689191290324,2.56169905489177,3.71216274601274,3.80761276756935
189,4.47049170162567,3.3822570786476,3.28905034202809,4.69026927907762,4.90852001984291,3.07810098387642,4.6696943155373,4.66680432747199,2.77766012162717,2.99895018620585,2.51009825237686,3.71846523965793,3.45439998458999,4.5244577417396,3.6063166403278,4.52219427950128,3.30674381990531,2.78925467880221,4.89955368704519,3.24354308741216,3.1651340808403,4.00283861376353,2.65289363571008,3.54689191290324,2.5714535362543094,3.78391826424725,3.92552394033742
190,4.48339361892551,3.1214410805834,3.06815082185612,4.70106871558299,5.03268906787237,2.46014290357264,4.59253875748377,4.50076667951023,2.89280590924226,2.98482005428671,2.59066004519456,3.55958474042511,3.38385192521357,4.37818007627688,3.6932186807476,4.52219427950128,3.38460592801852,2.51673121615016,4.62368724514794,3.24354308741216,3.06501647177572,4.06827780069656,2.3288204947311506,3.05561758427078,2.51694908811005,3.78391826424725,4.05120118701375
191,4.48339361892551,3.7206892470746906,3.06815082185612,4.54904361066271,5.53394843236526,3.26060567880621,4.43023940715398,4.77607862135871,2.89280590924226,2.89062629744565,2.59066004519456,3.78651894342493,3.43468781791719,4.55780489452701,3.6932186807476,4.57607628660969,3.22818877545562,2.67558701652946,4.78501478359824,3.04404833143808,3.06680726891537,3.81664299321681,2.65706484934042,3.87637010237916,2.7201029553507894,3.80147728015114,3.90294063668692
192,4.61114359818731,4.09317104994001,2.91465360678006,4.75059994180847,5.2364544829679,3.8377726470417506,4.49537186292449,4.77607862135871,2.76576720669686,2.59031376078353,2.54872443756166,3.94210672444404,3.42211582427707,4.46664626284943,3.55398254637042,4.61420433989714,3.25681545561316,3.30827742338691,4.55344286520739,2.92857518766684,3.37806966887472,4.1049946085059,2.52820173461326,3.75377114822818,2.739040787855,3.7650454060419,4.06965531510401
193,4.35918443614671,3.96512047939575,2.86853977930032,4.70742805472716,5.19575319879413,3.43425005309826,4.74376436259886,3.5560172976834,2.6699176517153,3.07853795083243,2.54872443756166,3.93190563641088,3.13522668416786,4.50313293237107,3.55398254637042,4.64330451926766,3.34147815386126,3.10962191507669,4.80595927248257,2.92856989174314,3.37806966887472,4.02141013430456,2.59233157865847,3.8238168190894295,2.76526034208769,3.81943348546956,4.05431984472913
194,4.35975355887972,3.96512047939575,3.10197335067884,4.50757545413287,5.48349755509917,3.71227219277835,4.55461142382957,5.616225717721,2.95181140346853,3.04286301943589,1.58020946013999,3.55881457172995,3.0622545116577,4.53977513818179,3.63998621095121,4.50552467509521,3.60738894028625,2.94907018250897,4.629627227052,2.721691761801,3.10378833633629,4.25047389143229,2.20959185086593,3.13850380446179,2.80029699222949,3.98919279466593,4.02519120743961
195,4.34729508935807,3.79122768176405,3.10197335067884,4.43273702766416,5.50063881660429,3.41850635761904,4.80009611487086,5.02511418607439,2.87496614636201,3.04286301943589,3.24589051051213,3.47365431549805,3.11210871820836,4.4987332447891,3.54694009359645,4.73557675486939,3.47286462164183,2.97242310561833,4.69049517454231,2.721691761801,3.33146312353707,4.47372170654995,2.67609049615782,3.88234854585193,2.81072541178413,3.6646268201041305,4.31259863180521
196,4.34729508935807,3.7868387780741,3.02063358642569,4.61362199841619,5.2833814479812,3.08061632068438,4.69106601845,4.75657087348347,2.53155487493114,3.11298699321744,2.76460125986275,3.41486694570824,3.30554531838697,4.60875638748022,3.54746203177305,4.63847332369007,3.4189835480366506,2.27224039508674,4.43278732351008,3.58361813379923,3.20995331632057,3.81608966661224,2.47414593519715,3.88234854585193,2.9729161428462,3.74737323183512,3.67051563958175
197,4.62701032541747,3.9569775336204,3.06857631088149,4.47857030685362,5.17832286626034,3.25365906326369,4.49204044520664,4.463795375553,2.53155487493114,2.9875764257172,2.90412685766109,3.47932669417573,4.01567371700099,4.40129399162362,3.54746203177305,4.67941303292444,3.39858030856336,2.72060223339462,4.65438149616109,3.58361813379923,3.20851682129874,4.25546230573186,2.53208630312664,3.62159194456158,2.87060108976267,3.8352983700632106,3.75137661254465
198,4.57230617428594,3.6517478984128906,2.98028189891963,4.53501139221868,5.29609331107325,3.51809256681307,4.57857055041092,4.463795375553,2.73476003629855,3.01561816762125,2.56715297868187,3.62914360794242,3.30587424653665,4.43190832722918,3.63779589554072,4.7171250030517,3.49014630522595,2.50912001595836,4.68886856730004,3.56877223021349,3.37816154043553,3.88359156743934,2.50985374083712,3.8710685155326,2.88739129630567,3.9943152423442094,4.21395753629649
199,4.40592810802479,3.7056508308665506,2.98028189891963,4.55038024391706,5.37240782943546,3.1822813831336,4.73242505644411,4.79769117626809,2.93679640849402,2.96444296457743,2.56715297868187,3.72771883214882,2.96815144651069,4.56771692558529,3.53189071459172,4.66694919841673,3.44238086969574,2.87745297262701,4.84240749155428,3.43212595343277,2.83047507257483,3.9408383982833306,2.6382864537736106,3.64747437400693,2.85277029754901,3.9304098690759295,3.91319949073035
200,4.35979976537404,3.49969710418128,3.04665773814286,4.51532517235637,4.4043185737119,3.32894007659657,4.63131722067869,4.50821367590103,2.75161731679893,2.6377173575462,2.61524086494048,3.61701460954399,2.96815795252941,4.38896739799957,3.53189071459172,4.66694919841673,3.37066395496841,2.7679741316416,4.73513755036679,3.43212595343277,2.95107619881789,3.9307576346764295,2.65901151618444,3.6234655524883506,2.8833186247591,3.84826024601274,4.41803177104053
201,4.35979976537404,3.7248092589099,2.92804406366527,4.39597664135087,5.3611086829679,3.32894661611872,4.44997927782416,4.79314765793872,2.86119479923311,3.13888968045119,2.53676696220226,3.49401901128247,2.77782069577258,4.32632042174871,3.51529188637369,4.20300173200044,3.45383817982542,2.78347028651823,4.69419787264836,3.31835888405315,3.22010913099767,4.07744479949448,2.51872387344641,2.8486294789738,2.85718270787606,3.8653700911532294,3.90389265444207
202,4.55197294961809,3.79023778635742,2.90883596521756,4.58582860435028,5.04824061764276,3.38657878373057,4.73247625558245,4.707395195626,2.73613588070039,3.0713481907573,2.43432992985008,3.77509642442489,3.66211444210716,4.51046911787687,3.55616036409008,4.90850770608779,3.35585076213094,3.03280681964574,4.63021914724626,3.3297334146252,3.13396568666656,3.7296039976583706,2.4568725623640306,2.8486294789738,2.84925016142155,3.9804339766913,3.89152914102864
203,4.48100895502421,3.7946178112124,2.90883596521756,4.29534196634043,5.16075093135303,3.31076100359973,4.75187849925608,4.45367119238512,2.69072820028117,2.80493840289948,2.60338994907532,3.77591131440846,3.46824450069327,4.41173841412587,3.55616036409008,4.76502314292021,3.40218447282085,2.54369878940128,4.6260118876014,3.44726311229146,3.29475153580024,4.56322434271762,2.54344642532556,3.84481989731196,2.84907053352258,4.07844353145748,4.29061541141359
204,4.49425202762848,3.7461378484800494,3.13566399884832,4.68430917844298,5.38902925937417,3.0844443060428306,4.79690233136921,4.45367119238512,2.89913441287891,3.03900048972358,2.68774088654556,3.56868198521343,3.61979992073399,4.4373838712582,3.64531651337954,4.85987439749622,3.39350130302737,2.50601774196971,4.8081581713228,3.44726311229146,3.2947447717199494,4.33276565415915,2.50565151280292,3.8290374421254505,2.89644383963023,3.67222342923588,4.39688094009372
205,4.40690052306449,3.7461378484800494,2.87736051509302,4.45515811948419,5.35440758740683,3.16561923140518,4.59690493564894,4.32968678643759,2.66399323695697,2.97182485249646,2.68774088654556,3.68173933846682,3.28189433662873,4.34334354699084,3.5837994278507,4.61601545788877,3.4751955635888,2.94878146867259,4.6519958693897,3.11101777185248,2.73162556592888,4.02434430622347,2.67577272871688,3.8711439224201305,2.74082157486293,3.78692859493572,3.96617104149083
206,4.40690052306449,3.95538139566394,3.0634686285046,4.36104995998611,4.50530999550889,3.28853116793943,4.51477964845651,4.28657461198408,2.85295289584197,3.03341563218664,2.51517071590301,3.67779382050067,2.74324446681192,4.48504050168992,3.5837994278507,4.82760490385073,3.26862836778943,3.15797677675475,4.55277016654558,3.23331547698117,3.51043711235322,3.98149003621265,2.46886484749597,3.70113683190394,2.22576396651601,3.84206217864947,4.28338081642434
207,4.37350842390765,3.62453795087501,3.0634686285046,4.45170731551049,4.50530999550889,3.28993494676903,4.6784540697346,4.8993661802392,2.98575171828799,2.98911616376232,2.47833277580729,3.71058365244599,3.68032452329128,4.79760652924378,3.462873378256,4.77064084215188,3.5447941794162,2.53690816090517,4.72087725731427,3.23331547698117,3.26262980756237,4.10211213191297,2.46267557507795,3.6679520466039506,3.0454497753757,4.00385228604462,4.13915996496024
208,4.45936520541877,3.85805105655152,2.94900894570714,4.35378402103475,3.17499505872311,3.24080626741174,4.5246237380059,4.61062975419427,2.98574559342996,3.07110943814384,2.67871177416775,3.96770452401742,3.40587138338254,4.54686895044995,3.64512743032035,4.75992386448505,3.20957951570959,2.53690816090517,4.69055027187892,3.22130584044557,3.36781388727846,3.94367633903738,2.71117224784721,3.21716384972412,2.95028525266426,3.8637434043816294,4.35146702549207
209,4.54496595915091,3.54378119802914,2.88400163458749,4.54449043326815,4.9886147286424,3.10175871885448,4.57560702067868,4.61062975419427,2.47944571920423,2.89235211932575,2.64330128571565,3.55490927545022,3.5091158183898,4.50443449812551,3.62672546345874,4.72679064468293,3.62214980368072,2.4706267775961,4.28471260834243,3.37933323754464,3.32370692480801,4.20412262479938,2.54293077643183,4.04983446681756,2.86167102413539,3.78930608361802,4.29626929125077
210,4.28970714707558,3.54378119802914,3.12863668417477,4.3529952451807,4.98522020646384,3.1318012798254906,4.58237186292449,3.5927501346528894,2.86743957052214,3.00910999134497,2.7087011972167,4.01091192876451,3.57745620055147,4.29253583812404,3.62672546345874,4.90786918957628,3.628998416516,2.43384155598423,4.65031053345308,3.28181792334312,3.13466437757408,4.20398092744678,2.40205950225467,3.8109666258055306,2.82149346273589,3.71289869867444,4.04359618183522
211,4.28970714707558,3.2377724268068,2.84378205870002,4.51437891761855,4.8611267727718,3.17149870268817,4.59145793133013,5.35488076885056,2.82460385685531,2.8869890234824,2.60619835394663,3.84036070982474,3.3931028392343,4.82206189307087,3.67389653632737,4.72784739726391,3.42856549412298,3.11373504586049,4.57436148895875,3.28181792334312,3.16947453668146,3.93334882009936,2.53515055117787,3.8109666258055306,2.83805497071966,3.53973282294333,4.1784111460398
212,4.38339753880787,3.9380846806974,2.84378205870002,4.54092508669329,4.59424571514754,3.35993077430238,4.46476936281595,5.13788496564234,2.70732241398062,2.95125458641051,2.50804692875352,3.75579277296432,3.34688313551456,4.58254569095016,3.27886495443566,4.97362835429128,2.95981422811188,2.57251690563434,4.86696808994962,3.23556043418417,3.16225312921106,4.13718509826606,2.54395942737221,3.37270796102819,2.70538253680869,3.7147763491315,3.55057842715668
213,4.47438403866959,4.0151252492434,2.99861709459167,4.58900832096077,4.61208965563235,3.2496325886128,4.60697780652654,4.89258329907089,2.7552137130355,2.90894472325697,2.6129996502913,3.77496793587079,3.29363704909005,4.44525460105253,3.27886495443566,4.52392938576786,3.47638808173308,3.18825352438635,4.54914814254515,3.394155222047,2.98867258131513,3.88420067107038,2.45497174138783,3.9086346140605306,2.77538513925645,4.04820601443486,4.25935919341654
214,4.62864343320939,3.8453047236151505,2.80019292758641,4.62215191325286,4.83082642678808,3.5517111252951894,4.57997666052194,4.82132952657554,2.87994409951091,3.02516862469696,2.56805290211711,3.62398241383211,3.35527947862686,4.62470385729027,3.66365099440552,4.88704173316565,3.4414675558355,3.00150226846102,4.76155196237306,3.20611488226463,3.21965689988174,4.06952373738824,2.50817525187593,3.9133003275265494,2.75482960110181,3.83540607146666,4.08928500358896
215,4.53282657665113,3.3187952612682694,3.15079307271446,4.51343092423622,4.86020295156485,3.35099424678996,4.89620287226126,4.96318146234197,2.70322230781101,2.83719369487353,2.56899207681219,3.57239593010862,3.39420385775032,4.75076748003033,3.88055503768431,4.813473821522,3.43744503252952,2.44664371084591,4.53001415621848,3.20611488226463,3.20458328706481,3.91389172191278,2.50817525187593,3.82370744116018,2.43682733911792,3.76619166954398,4.11014926852435
216,4.53283231352785,3.68036023278156,2.96426126616547,4.60709058748649,4.80786916900023,3.28611800081938,4.79614478345851,4.96318146234197,2.69887197346709,2.97746253543325,2.56899207681219,3.80842002644335,3.47291592521357,4.68755739202191,3.88055503768431,4.60090571907983,3.31197641683068,2.73352510635774,4.88394919456372,3.44123747448036,3.24381830439539,4.12532490955356,1.61317413956084,3.4900225511522,2.92525293848609,3.74540736147848,3.74673502229227
217,3.8207759002711494,3.85067191916952,2.76742491561096,4.61789735053698,5.38395672297702,3.15545248520756,4.75409908284024,4.63983090269715,2.90952021155786,3.13900168687781,2.57093203300458,3.86379901549184,3.16194138865027,4.5951495808762,3.57640851193971,4.81252382202904,2.79520617486163,2.80757274585292,4.60491314453336,3.5123979813511,3.10783079132282,4.26317664729901,3.07532999551732,3.4914649327264,2.8860389322516906,3.9037730903753105,4.51693946311449
218,5.18914278614649,3.85634104120346,2.76742491561096,4.58811365109938,5.04734765406166,3.36140381485076,4.79893032601954,4.62103328095188,2.71951876380825,2.95461740320244,2.59819341888525,3.69643672176618,3.33175255029513,4.63035228392364,3.4954206258975,4.41750690627441,3.7655249706287095,3.0158521970278,4.71273700643054,3.37533971237441,3.25302518767848,3.94644824079069,2.73561613155452,3.6403229327264,2.8741279791158494,3.9318542202848694,4.14203233168602
219,4.54119617325562,4.06402727963158,2.96837995239687,4.75352877837524,4.86222330111838,3.34886361033344,4.60352248795163,4.65922480620615,2.67959728919462,3.00189943436292,2.53619547426158,3.91719219136907,3.22331655491036,4.59151364064734,3.4954206258975,4.64099487317922,3.54841038212522,3.14209462661869,4.96626807470847,3.34183622587314,3.25302518767848,3.12133063695725,2.59354489014151,3.29129695097983,2.85580561157309,4.0489500415706,4.18920625166753
220,4.45694992499264,3.99894438771714,3.15489614097108,4.6181556959584,4.78415089271274,3.33804507888734,4.5400968697346,4.95450483715399,2.72873924892465,3.09202611015113,2.60742473300458,3.50895150005147,3.5162828277183,4.71288049705271,3.45884971885162,4.64099487317922,3.50026681745973,2.6113285170131,4.59341994978019,3.34381500910913,3.10912256758129,4.02072820075687,2.70217059040679,3.7526286467173,2.7665974138756,3.96542240034921,4.34006149932352
221,4.45694992499264,3.96350244189298,2.9084946709214,4.45133201495262,4.73896455461108,3.45133415572097,4.70695700764088,4.54760344054505,2.66430350864974,3.13538918575243,2.60742473300458,3.89233936581563,3.50619776759919,4.33998004802659,3.54263702234105,4.82729887611826,3.71000394419562,2.43949626691495,4.75673723216579,3.34381500910913,3.03961293742777,4.71878000762743,2.53925531958091,3.7653845982140695,2.74698534774844,3.88763356032561,4.36561500401154
222,4.61632941195041,3.88663641317832,3.12478073496977,4.56515435675805,4.70654243231257,2.73431609876589,4.70734485924057,4.07277772180598,2.93339608608269,2.99107080987476,2.04815605492692,3.4882810658688,3.57909474137465,3.96025999865979,3.54263702234105,4.82729887611826,3.57468649794846,2.2609281066526,4.67945901036733,2.93050267895332,3.12664874043165,4.31073605293781,2.67631944902914,3.8245775657732306,2.7017200069061,3.8264321115192,4.12948407886311
223,4.62169563041989,3.91838483347775,3.12478073496977,4.36917486163426,5.08969347596236,2.73431609876589,4.63961688146285,5.04521661619963,2.93339608608269,2.91059011444047,2.85863663519124,3.96405873771759,3.49653500129571,3.96025999865979,3.51544141069428,4.94424105520629,3.55779442431431,2.40430284793829,4.87841524024644,3.82466407288826,3.22073122414674,4.54195503549208,2.53877872585707,3.83121470644269,2.77390603129008,3.95224580196391,4.22409514217838
224,4.53320131357216,3.7107813622697106,3.03581552365887,4.62838543663783,4.39966374990632,3.21601408490158,4.69276063340499,4.55204694808536,2.63478484249567,2.91870317902833,2.8165719733725,3.66755067194836,3.36575973790292,4.08960417843031,3.51543614150465,4.71056081845015,3.52678852748682,2.92156590104765,4.46481773379653,3.25585633521729,2.66908907301028,4.14329440285164,2.37815546389819,3.8159772375027505,2.77929056573856,3.9017689305202294,4.15676202589264
225,4.4721765886541,3.7394670556488494,2.71883644554897,4.62838543663783,4.43480399600511,3.25812482998072,4.66832652155628,4.72206556818982,2.88001096323758,2.94858583333902,2.6442269173792,3.80404840148063,3.36575973790292,5.4745585455812,2.70225645406585,4.75263884529612,3.43250145123725,2.70168199704757,4.84487443731764,3.2203033928854,3.25756477103859,4.23185285989989,2.69207550324059,3.68056931407187,2.7741911339869,3.95548951203583,4.18702734860967
226,4.53142089267735,3.91588359718125,3.13634975156263,5.78539776319198,4.54555438320443,3.22229689511353,4.79282654949272,4.72206556818982,2.67513591836427,2.97460390880844,2.70784697437283,3.8853826873311,1.88730405380852,5.38004441519057,4.02724713623959,4.84425642453171,3.51935468621139,3.19409957263573,4.75999204638564,3.4187053886189,3.35674215821988,4.17700218423694,2.62804439124879,3.52388559337689,2.82513456801294,3.95682483249467,4.1777570296909
227,4.53142089267735,3.94451619401105,3.11621765317712,4.96588131460786,4.8378653921596,2.93395784922247,4.32787373697345,5.06231891905519,2.77269501281785,2.96690485148407,2.57508811461751,3.78214683212343,4.03303055529236,5.15201544730971,4.08616345127529,5.04623244339505,3.42277608143141,3.19409957263573,4.86890174511637,3.71873714893893,3.32969022100704,4.35823995685739,2.4391054599987,3.60819287364636,2.79321284526524,3.93306544968884,4.43458620617561
228,4.46935289791426,4.11678980533656,3.33015969652218,4.93809398564898,4.59077678603244,3.00551677481936,4.50615102561943,4.58778380052476,2.65863619914738,2.95019432387266,2.75840283616477,3.73584102158967,3.07056698477379,5.03353941274092,3.60087472704198,4.98013199851504,3.60249977645462,2.8565242951645,4.7588466239222,3.71873714893893,3.13727349373539,4.19952874310858,2.65660389050505,3.8708550138508695,2.82095072959579,3.8276572615989695,4.18381785890741
229,4.55477289321463,3.90111948908898,3.33015969652218,4.716573030774,4.45484018603244,3.15747619277835,4.54677376198856,4.57641287398428,3.12428533134024,3.0269753964945,2.49431049458087,3.49612723726632,3.93305894301749,4.92120561302831,3.60087472704198,5.01802803593313,3.53133385433365,2.8565242951645,4.70474295824228,3.27617258349472,3.58865689988174,4.18787068682672,2.63863035386005,3.8738969591210295,2.83818731139404,3.7947555586617705,4.02458344275719
230,4.5278481152129,4.05311923554782,2.77425247530833,4.62753174404458,4.67220566136282,3.03502879223925,4.64082739554309,4.18527039359644,2.83070545886404,2.81891422439665,2.49431049458087,3.23819487396809,3.80430969581854,4.71028034604232,3.7241366663639,4.94779761308836,3.4325318400615,2.51732809755702,4.93868566242939,3.43084341767586,2.8179144496588906,4.41685120426027,2.76784981715416,3.8124616986584305,2.77851147597328,3.9639930125410694,4.09188398277075
231,4.47207886172347,3.9995950159484894,2.77425247530833,4.55298449284449,4.24915955908031,3.15280527827317,4.54803309771365,4.86608014321169,2.73087277263772,2.84565534013427,2.1068880886225,3.96761520193418,3.20740472508876,4.59941610322634,3.47900830480772,5.47253011397546,3.5861796417827,2.44000498667329,4.99498294690783,3.42231473560731,3.2212265532512694,4.27578740281057,2.4397417638751,3.71932798409404,2.75388344526524,3.85125401646358,3.97060665474036
232,4.36103625192728,3.87467224473576,2.29043486304006,4.45175561365118,4.76998178660391,3.00403613489651,4.55589545261475,4.9326470558604,2.86652161239175,2.91955984701941,2.9555797760785,3.89154583212343,3.04677543744662,4.66524056387964,3.47900830480772,5.18080498082834,3.31968096224688,2.77100550273379,4.66722235662505,3.10212416345932,3.12651217620831,4.46423790938559,2.62928209836891,3.6422225073877494,2.72182104930177,3.87028937497542,4.38339817333282
233,4.36103625192728,4.04135339231771,3.73260977445692,4.37452688585015,4.62860375669888,3.2268381962824506,4.44614561001982,4.9326470558604,2.69951808109364,3.08217694390566,2.66243873675265,3.85262463096305,3.05135905329159,4.54523573200558,3.55748728397588,4.94009603649996,3.43153001760818,2.91919127531136,5.04504555736471,3.52053589463165,3.2657546709766,4.2507949652019,2.74268634138783,3.7711042037276306,2.88301826040261,3.7892479898812894,4.25395168922347
234,4.56355009404684,3.9381546411884094,3.43559885672011,4.50702492963071,4.8011484622366,3.1196359218972294,4.62161694608085,3.27179410956971,2.69239853785751,3.00229383142238,2.82137112872681,4.00580252431978,3.43638682620648,4.82811346080973,3.65292792410716,4.79039788242946,3.03513101392138,2.60267437169687,4.60401762041853,3.32462303390183,3.06601332238382,4.36798801217609,2.68752557163167,3.80999405916457,2.87970263016618,3.77152694875809,3.52626273585885
235,4.47345531204329,3.95859358652656,3.4160922566196,4.55327512064529,4.80655023164167,3.25459359061226,4.78973968244998,5.37316348068518,2.87298693172832,2.91347181017231,2.66836186825416,4.03518913990902,3.58167937701159,4.60277748762078,3.56423202396969,5.06364262375622,3.8299314961948094,3.30302225614066,4.6748213271067,3.5831320005467,3.27877116809381,4.29828623550763,2.58825016569587,3.8409043117803,2.83153928746466,3.91780019448694,4.35046132531537
236,4.4660900578318,3.9279551664771,3.04254321499519,4.34121848028851,5.35505424757973,2.98996819277835,4.74555182384176,4.95576355556934,2.79356041935982,2.99131024406605,2.58510430504117,3.78383189163929,3.60062066127686,4.56918594462946,3.56423202396969,4.94378535474378,3.6289976360774494,3.1037267144486,4.98853772037407,3.6636087420253,3.56529949635159,4.7572935774891,2.46315202518359,3.79562669513773,2.80692535955206,3.7868775729430495,4.3543210631965
237,4.50564687552921,3.7482323903967094,3.23381053561228,4.46229319370518,5.33842334210676,3.00843234696034,4.67111007063114,5.04531994451123,2.88219612266043,2.9305958381528,2.56734907979095,3.68852525962518,3.23183810883485,4.70385061506714,3.53917983177855,5.17745270922166,3.7488315809944295,2.30015165723015,4.83330399599761,3.42426241476512,3.0112141301032,4.06750901477092,2.64418577833589,3.77162040304962,2.79923390800577,3.7868775729430495,4.55963376929387
238,4.8639707857316,3.93928680983833,3.35856135617484,4.32124529713517,5.34743908733389,3.38851993993437,4.59670777944696,4.91632435496344,2.83232209135941,3.0138164852471,2.74366633530163,4.03299834742642,2.51474022111923,4.81410424123233,3.39018436355741,4.91067941108785,3.60461360467548,3.17009125892154,4.7706880190164,3.5593140860874,3.12229454176177,4.1661795875022,2.49597243840758,3.8252249619654495,2.85554033539342,3.75229055782436,4.42876594919111
239,4.837022590116,3.97588551475248,3.15818893068901,4.44233185091021,5.09905321965466,3.18722301935543,4.77758872005548,4.77446500239561,2.75540739799439,2.77092516009952,2.4783353907246,3.84680984444585,3.72119122243819,4.61642992689683,3.41133685577388,5.12328239091906,3.45770330551323,2.58720976635661,4.68642779553855,3.36027562534625,3.0833766939585,4.08661533653946,2.72582226988804,3.56805531475469,2.74373024985299,3.94593265304979,4.07812471154512
240,4.837022590116,3.8953324813199495,3.21604756248364,4.72934057456836,5.39644116814993,3.18722301935543,4.33239177903259,4.8452483641302,2.85468208177553,3.08023755842138,2.6722360057925,3.51562121318428,3.60196151373485,4.67883099141295,3.12704612268257,5.42419291779179,3.23628681683783,2.67487395941183,4.78635665254008,3.62100653610545,3.13919889746554,3.6730255912132495,2.5256285214657,3.7523578113994,2.93910950454493,3.84197998694222,4.0334496722678
